T,TM,Tm,SLP,H,VV,V,VM,PM 2.5
14.9,21.6,8.8,1017.4,76.0,0.8,0.9,172.75,7.6
14.7,21.6,10.2,1018.1,97.0,0.6,3.1,146.79166666666666,9.4
15.0,16.8,13.6,1017.5,94.0,0.5,0.9,113.875,7.6
9.8,17.6,6.4,1016.6,90.0,0.5,3.9,227.0,11.1
10.1,14.5,7.2,1019.2,90.0,0.3,3.3,231.25,7.6
10.5,16.3,6.8,1020.1,84.0,0.5,1.5,272.125,5.4
12.3,18.3,4.0,1017.1,81.0,0.5,4.8,228.79166666666663,9.4
12.1,18.3,9.0,1017.5,86.0,0.6,5.2,200.875,9.4
12.3,19.0,5.8,1019.3,82.0,0.5,0.9,214.04166666666663,7.6
13.9,21.6,9.4,1019.0,79.0,1.0,1.9,217.25,14.8
13.4,20.7,9.8,1020.1,80.0,0.8,7.2,212.45833333333331,11.1
13.3,17.5,9.5,1021.2,79.0,0.8,3.7,202.66666666666663,7.6
13.1,18.3,8.5,1020.6,80.0,0.8,4.1,138.79166666666666,14.8
13.7,18.3,11.6,1019.9,91.0,0.6,0.9,153.08333333333334,7.6
13.3,18.4,9.8,1019.3,79.0,1.0,5.2,159.70833333333334,14.8
13.8,21.5,7.2,1018.0,60.0,2.4,9.1,151.875,24.1
15.1,24.0,6.7,1017.6,66.0,1.3,5.0,224.79166666666663,11.1
17.3,23.8,10.4,1017.5,70.0,1.0,11.9,177.625,18.3
16.7,23.8,13.0,1020.7,75.0,0.8,7.2,149.625,14.8
15.7,25.6,7.4,1016.9,68.0,1.4,1.9,161.16666666666666,7.6
16.7,25.6,9.3,1017.5,66.0,1.4,4.4,136.75,13.0
16.9,25.5,10.5,1019.9,65.0,2.3,5.6,50.91666666666666,22.2
17.2,25.5,9.3,1012.8,61.0,2.4,6.7,120.20833333333331,20.6
19.3,28.6,10.6,1009.5,65.0,2.6,4.3,137.125,14.8
18.9,28.6,11.2,1012.8,73.0,0.8,1.5,197.08333333333331,7.6
22.9,29.3,17.0,1012.4,78.0,1.6,7.6,166.375,14.8
22.8,29.3,18.0,1013.7,72.0,1.9,7.2,126.58333333333331,14.8
21.9,29.1,15.2,1014.1,69.0,2.3,11.3,94.91666666666669,18.3
23.2,28.6,18.4,1008.5,65.0,1.4,6.5,133.95833333333334,13.0
20.0,27.6,14.5,1009.8,42.0,1.9,6.7,69.25,11.1
19.2,27.6,11.1,1013.0,49.0,2.6,5.7,79.29166666666667,11.1
17.3,19.0,15.2,1011.0,94.0,1.8,14.8,31.625,24.1
17.4,22.1,14.6,1012.6,92.0,1.9,6.7,20.416666666666668,16.5
16.1,22.1,12.8,1013.8,84.0,1.8,5.6,61.125,13.0
18.6,27.3,12.5,1014.0,79.0,2.6,3.9,49.583333333333336,13.0
19.4,27.6,14.0,1015.2,79.0,2.3,7.8,34.916666666666664,18.3
18.1,24.1,13.3,1021.1,60.0,2.7,12.2,47.5,20.6
21.3,28.3,14.2,1014.7,70.0,1.6,4.1,128.83333333333334,9.4
21.6,27.3,15.8,1015.3,71.0,2.6,7.8,56.333333333333336,20.6
17.7,27.3,16.0,1015.3,92.0,1.9,11.5,20.291666666666668,18.3
21.1,28.3,14.0,1014.8,69.0,2.4,5.4,59.16666666666666,13.0
22.5,30.2,14.5,1014.8,68.0,2.6,9.1,83.83333333333333,22.2
24.9,31.7,15.8,1014.8,65.0,2.6,5.9,89.375,13.0
26.8,35.1,18.5,1011.7,68.0,2.3,2.6,101.375,11.1
28.6,36.5,20.3,1012.4,59.0,1.8,9.3,109.75,55.4
27.7,35.6,20.4,1011.7,54.0,2.7,7.4,42.91666666666666,24.1
25.1,30.8,19.0,1010.4,70.0,2.1,3.7,47.25,11.1
26.4,32.5,20.3,1007.4,64.0,1.9,2.4,81.20833333333333,9.4
28.7,34.7,21.0,1004.7,53.0,1.9,9.4,52.29166666666666,18.3
24.4,34.7,19.0,1004.6,76.0,3.1,7.0,28.45833333333333,14.8
23.9,31.4,19.2,1010.2,69.0,1.9,9.8,49.5,13.0
25.2,32.2,18.2,1012.0,56.0,2.6,6.7,75.16666666666667,16.5
25.8,32.5,18.6,1010.3,58.0,2.7,9.1,53.125,24.1
24.9,32.2,19.0,1013.7,74.0,2.3,7.0,54.708333333333336,13.0
26.4,32.5,20.0,1012.8,68.0,2.6,3.0,52.625,11.1
27.6,34.3,20.8,1013.0,65.0,3.1,5.9,51.375,14.8
32.0,40.6,21.6,1003.9,45.0,2.7,4.3,94.33333333333331,9.4
32.8,40.6,26.0,1005.8,45.0,1.9,7.2,92.91666666666669,11.1
31.8,39.6,25.4,1005.6,35.0,1.9,11.1,80.20833333333333,27.8
30.4,39.1,22.2,1005.9,51.0,1.9,13.0,71.66666666666667,22.2
28.8,37.1,22.8,1008.0,59.0,1.9,15.7,31.83333333333333,25.9
30.2,37.1,23.5,1006.7,59.0,1.9,17.6,47.66666666666666,33.5
31.2,39.4,24.2,1005.8,52.0,2.7,5.4,48.125,14.8
30.2,37.6,23.6,1006.3,47.0,2.6,4.4,56.25,11.1
30.9,38.9,21.7,1006.7,44.0,2.7,3.0,103.41666666666669,11.1
35.7,42.7,27.6,1003.4,21.0,1.9,14.4,76.875,27.8
34.1,42.7,27.0,1003.2,29.0,1.9,12.2,86.375,27.8
35.1,42.7,25.7,1001.6,35.0,2.3,8.3,77.70833333333333,18.3
28.3,38.7,23.8,1006.5,65.0,2.4,7.8,48.5,14.8
29.9,35.9,22.0,1007.4,56.0,2.6,4.4,55.083333333333336,11.1
28.7,35.8,24.2,1006.5,58.0,1.9,7.0,67.45833333333333,18.3
31.4,41.5,24.9,1002.2,50.0,1.8,14.8,18.875,50.0
33.2,41.5,22.4,1002.0,38.0,2.4,14.6,61.5,22.2
35.8,42.6,27.0,1000.4,30.0,2.6,11.3,68.91666666666667,24.1
37.8,45.5,28.0,996.7,29.0,2.6,10.9,77.375,22.2
35.3,45.5,24.4,999.2,33.0,2.3,17.0,63.91666666666666,55.4
33.8,45.0,24.8,1001.3,26.0,2.6,6.7,63.66666666666666,18.3
35.3,40.6,28.9,1000.7,30.0,1.9,15.2,63.625,27.8
30.1,40.6,23.5,1002.2,47.0,1.9,14.3,25.45833333333333,29.4
31.6,39.9,22.2,1003.4,46.0,1.9,8.5,20.75,20.6
28.7,34.1,23.6,1004.3,59.0,1.9,6.7,40.5,11.1
35.1,42.5,26.0,999.4,42.0,2.6,7.2,64.83333333333333,16.5
36.3,42.9,27.7,998.7,38.0,2.6,6.3,63.0,22.2
37.6,42.4,30.0,998.8,32.0,1.9,18.7,73.83333333333333,27.8
31.9,41.6,28.0,998.8,52.0,2.3,9.4,31.875,14.8
27.0,39.7,20.5,1000.2,82.0,1.9,3.9,54.958333333333336,13.0
30.8,34.9,25.5,999.4,66.0,1.9,3.1,77.75,9.4
35.9,41.6,29.0,996.7,54.0,1.9,8.5,75.33333333333333,18.3
33.0,42.3,27.2,997.8,56.0,1.9,13.0,32.583333333333336,25.9
30.4,34.4,25.3,997.0,70.0,1.9,5.6,28.375,20.6
26.5,36.8,22.4,994.9,86.0,1.8,6.3,28.541666666666668,11.1
31.5,36.8,24.0,994.7,62.0,1.8,11.7,51.04166666666666,22.2
32.7,38.0,27.0,996.9,56.0,1.9,14.1,40.0,29.4
31.9,37.8,25.0,1001.8,61.0,1.9,4.3,37.583333333333336,9.4
33.8,38.9,27.0,1001.1,54.0,1.9,7.0,37.625,13.0
33.4,39.8,27.6,999.7,54.0,1.9,13.0,34.375,25.9
28.3,33.6,23.3,998.4,87.0,1.9,1.7,42.29166666666666,7.6
31.2,35.8,24.8,998.6,77.0,1.9,2.8,45.66666666666666,11.1
29.7,35.8,25.2,998.9,82.0,1.9,2.6,40.625,9.4
29.9,33.7,23.3,1000.6,78.0,2.6,4.8,26.875,11.1
31.1,35.6,26.4,998.5,73.0,1.9,10.9,30.70833333333333,18.3
33.4,37.0,27.0,994.1,61.0,1.9,17.2,10.208333333333334,29.4
30.1,34.7,26.0,997.7,76.0,1.9,0.7,43.04166666666666,5.4
29.1,34.7,24.4,999.2,82.0,1.9,4.8,19.416666666666668,11.1
31.5,35.7,25.7,999.9,74.0,1.9,8.1,8.416666666666666,13.0
31.3,36.5,27.3,999.3,73.0,2.7,8.7,0.0,14.8
30.0,36.6,27.0,998.8,76.0,2.6,16.9,0.0,25.9
29.7,34.7,24.6,1000.2,74.0,2.7,11.3,4.833333333333333,18.3
28.9,31.6,25.0,999.7,77.0,1.9,4.1,15.375,14.8
28.4,32.6,25.4,1002.7,77.0,1.9,0.9,19.83333333333333,7.6
29.8,33.9,25.0,1003.5,75.0,1.9,2.6,25.791666666666668,7.6
31.6,35.5,25.4,1001.9,63.0,1.9,5.4,22.70833333333333,11.1
29.4,34.4,26.4,999.9,86.0,1.8,2.2,31.33333333333333,14.8
28.8,34.4,25.3,1001.7,88.0,1.6,1.7,47.41666666666666,7.6
27.5,30.8,25.0,1000.2,92.0,1.3,3.0,33.791666666666664,7.6
31.9,35.8,28.0,1001.8,75.0,1.9,0.4,39.04166666666666,3.5
30.9,35.8,28.6,1001.8,78.0,1.9,3.3,41.708333333333336,14.8
31.6,35.6,25.8,1002.7,67.0,2.9,13.0,12.25,22.2
30.9,35.5,27.7,1001.5,66.0,1.9,14.6,14.5,27.8
29.5,34.5,27.6,1002.0,77.0,1.9,8.5,23.916666666666668,18.3
32.0,35.6,27.0,1000.9,64.0,3.4,10.0,27.375,20.6
31.9,36.2,28.0,1001.1,68.0,2.6,4.8,29.20833333333333,14.8
32.4,36.9,28.1,1001.9,68.0,2.7,5.4,36.5,11.1
32.2,36.8,28.4,1002.0,61.0,2.6,14.6,27.83333333333333,24.1
32.1,36.6,28.0,1000.8,56.0,1.9,15.4,44.125,25.9
31.9,36.6,27.5,1001.7,54.0,1.9,12.8,62.25,24.1
31.4,36.5,27.6,1005.5,56.0,1.9,11.7,60.125,25.9
31.5,36.9,26.6,1005.7,53.0,1.9,9.4,34.666666666666664,22.2
31.9,36.9,26.8,1005.8,54.0,2.7,11.9,39.208333333333336,35.2
31.0,36.7,26.4,1005.7,54.0,2.6,10.2,38.708333333333336,31.7
32.2,37.9,27.3,1005.8,61.0,1.9,1.3,69.95833333333333,3.5
31.8,37.9,26.8,1003.5,59.0,1.9,2.6,94.375,9.4
32.9,38.0,27.5,1003.3,62.0,1.9,0.4,85.75,3.5
30.4,35.9,26.0,1003.6,78.0,1.6,2.0,51.66666666666666,7.6
29.1,34.8,27.2,1003.4,76.0,1.9,4.6,39.41666666666666,11.1
30.2,36.5,26.2,1002.3,70.0,1.9,5.7,23.95833333333333,14.8
28.4,33.9,23.5,1003.8,55.0,2.6,8.5,43.5,20.6
29.4,35.1,23.7,1005.3,60.0,2.3,6.3,50.41666666666666,14.8
28.6,35.2,25.0,1007.2,64.0,2.3,3.0,55.708333333333336,9.4
28.1,35.3,21.5,1011.8,56.0,2.6,5.6,57.125,13.0
28.6,35.6,22.7,1009.0,72.0,1.9,6.5,112.29166666666669,18.3
28.5,35.4,23.2,1007.3,70.0,1.9,4.4,97.70833333333331,14.8
28.6,36.0,21.8,1004.3,65.0,1.9,6.1,80.70833333333333,24.1
29.6,35.5,25.0,1011.0,69.0,1.9,3.7,81.625,9.4
28.2,34.9,22.9,1012.7,70.0,1.9,3.9,65.375,9.4
27.6,34.9,21.5,1013.6,71.0,1.8,0.4,84.375,3.5
28.2,36.1,21.9,1011.7,70.0,1.9,3.5,141.95833333333334,9.4
27.7,36.2,22.9,1009.9,69.0,1.9,3.0,153.375,9.4
26.6,36.2,21.0,1012.0,68.0,1.6,2.0,162.875,7.6
26.4,34.4,18.3,1012.8,53.0,2.1,5.4,0.0,14.8
25.4,34.4,20.3,1015.0,59.0,1.9,5.6,49.333333333333336,16.5
24.7,33.3,18.5,1014.0,61.0,2.3,3.5,107.33333333333331,7.6
22.3,29.8,15.6,1016.0,73.0,1.6,1.1,273.625,5.4
22.9,31.4,16.2,1016.1,73.0,1.4,0.9,256.9583333333333,3.5
23.4,31.8,17.3,1015.8,75.0,1.6,0.4,185.08333333333331,3.5
23.9,31.8,18.6,1014.2,73.0,1.8,0.4,249.5,1.9
21.9,30.2,16.1,1014.8,79.0,0.5,1.1,365.75,7.6
21.9,29.0,17.1,1016.0,75.0,1.1,1.9,241.875,5.4
22.1,29.8,16.1,1015.0,77.0,1.3,0.7,176.875,3.5
22.3,29.3,16.1,1014.9,64.0,0.8,5.4,353.0416666666667,18.3
22.4,29.8,16.5,1012.0,65.0,1.1,3.5,257.4166666666667,13.0
18.5,27.7,11.5,1017.6,68.0,1.3,0.9,207.83333333333331,7.6
18.6,27.7,11.4,1016.4,69.0,1.1,0.4,268.1666666666667,3.5
18.8,28.5,11.5,1015.4,69.0,0.8,1.3,278.3333333333333,3.5
19.3,28.0,13.0,1014.7,61.0,1.9,5.7,157.5,18.3
20.0,29.1,11.9,1012.6,64.0,1.4,0.9,156.375,7.6
18.4,29.1,13.5,1011.4,71.0,1.3,2.6,200.5,7.6
19.3,28.0,13.8,1014.7,81.0,0.6,1.7,212.125,7.6
17.9,26.2,13.5,1016.2,75.0,0.8,2.0,190.5,11.1
17.6,24.6,11.2,1016.1,75.0,0.8,7.0,236.41666666666663,18.3
17.8,26.2,11.0,1017.1,79.0,0.6,2.0,286.375,7.6
20.2,27.0,12.0,1015.8,68.0,1.0,1.3,288.0833333333333,5.4
19.2,26.9,11.6,1015.4,78.0,1.0,4.8,302.4583333333333,14.8
14.8,21.0,6.8,1016.4,63.0,2.4,5.4,163.0,13.0
14.6,21.3,6.0,1017.1,59.0,2.6,8.1,161.375,14.8
15.2,22.2,7.0,1016.5,60.0,2.4,7.0,157.375,14.8
14.4,21.1,6.8,1019.1,65.0,1.6,5.6,245.91666666666663,13.0
12.6,21.0,0.0,1018.9,68.0,1.4,2.6,264.5833333333333,9.4
13.7,21.0,5.6,1018.8,71.0,1.3,1.5,253.29166666666663,7.6
13.3,19.3,5.5,1021.9,62.0,1.9,7.8,181.20833333333331,14.8
14.4,21.5,5.5,1021.0,60.0,1.8,8.9,210.875,18.3
16.3,22.5,7.6,1020.6,64.0,1.4,8.1,255.33333333333331,14.8
16.9,25.1,6.6,1021.3,65.0,1.1,2.0,284.7958333333333,7.6
15.5,24.1,7.7,1021.0,71.0,1.1,3.5,219.72083333333333,11.1
14.9,22.8,8.0,1018.4,73.0,1.1,5.9,182.1875,13.0
18.3,24.7,11.5,1018.1,85.0,0.5,1.1,154.03750000000002,7.6
16.5,24.7,12.0,1017.4,82.0,0.6,8.0,223.20833333333331,13.0
16.6,22.2,10.2,1015.4,65.0,1.8,10.0,200.64583333333337,20.6
18.2,25.1,12.0,1014.4,77.0,0.6,5.0,285.225,11.1
15.6,23.2,10.9,1015.6,82.0,0.6,4.3,236.825,9.4
13.0,19.0,9.6,1016.9,85.0,0.8,10.7,276.90833333333336,16.5
12.3,19.0,8.9,1015.8,91.0,0.5,4.6,108.0,9.4
11.9,15.7,7.5,1018.9,86.0,0.8,6.1,107.625,11.1
12.0,17.0,6.7,1019.8,75.0,1.3,7.6,125.89166666666668,13.0
11.7,18.0,6.4,1017.3,76.0,0.8,4.4,181.01250000000005,13.0
14.6,21.0,6.8,1015.6,81.0,0.6,2.4,152.55416666666667,7.6
17.7,24.0,9.0,1014.5,69.0,1.4,4.4,152.32083333333335,9.4
17.4,27.2,12.2,1016.4,79.0,1.1,7.8,319.7375,18.3
15.9,22.4,8.4,1017.6,66.0,2.4,7.2,332.7083333333333,16.5
15.2,22.6,6.6,1018.2,56.0,1.9,8.9,279.6,22.2
12.7,19.5,8.0,1017.6,69.0,1.3,8.3,179.11666666666667,18.3
15.6,24.6,10.7,1015.7,81.0,1.3,2.8,54.79166666666666,9.4
17.1,23.2,9.0,1017.1,69.0,1.8,5.9,93.375,11.1
17.6,24.0,10.1,1014.8,67.0,1.4,5.9,103.0,14.8
17.2,26.0,11.5,1014.7,65.0,2.3,5.7,132.20833333333334,14.8
17.7,24.4,9.7,1017.0,64.0,2.1,8.0,127.70833333333331,18.3
17.4,24.4,10.1,1018.9,61.0,2.3,6.1,109.33333333333331,11.1
23.1,30.0,15.6,1014.9,71.0,1.4,4.1,56.458333333333336,9.4
23.7,29.8,18.7,1014.0,75.0,1.4,11.1,135.83333333333334,18.3
20.9,27.8,15.8,1014.4,62.0,2.6,17.2,122.5,27.8
22.6,30.3,11.5,1015.4,57.0,2.4,5.4,69.66666666666667,11.1
22.7,30.4,12.8,1017.7,56.0,2.6,2.4,79.83333333333333,7.6
22.7,30.6,13.0,1018.4,58.0,2.4,3.3,62.708333333333336,7.6
25.0,31.0,15.0,1015.7,59.0,1.9,1.7,1.9166666666666667,5.4
24.9,32.4,15.2,1015.0,57.0,1.9,1.7,1.8333333333333333,9.4
26.8,33.4,15.7,1014.5,52.0,2.4,4.6,1.7916666666666667,9.4
23.7,29.1,15.8,1011.9,67.0,2.1,5.2,117.58333333333331,11.1
23.4,29.1,17.0,1011.4,63.0,2.1,6.7,122.70833333333331,16.5
24.3,29.0,15.6,1011.7,56.0,1.9,10.0,76.54166666666667,18.3
24.3,31.0,16.8,1010.8,66.0,3.4,6.9,59.208333333333336,14.8
22.4,29.5,17.1,1014.1,68.0,3.4,6.3,77.20833333333333,16.5
24.1,29.2,14.5,1014.4,59.0,2.4,8.5,87.83333333333333,18.3
26.8,33.0,19.0,1008.8,61.0,2.3,3.5,123.70833333333331,11.1
27.1,33.0,19.0,1009.9,61.0,2.6,2.8,64.79166666666667,13.0
26.5,32.8,19.5,1010.5,45.0,2.9,12.2,62.875,25.9
29.8,36.2,18.2,1012.7,52.0,2.4,3.3,52.04166666666666,7.6
24.7,36.6,19.7,1012.8,66.0,2.4,9.4,128.33333333333334,14.8
26.2,32.0,19.5,1012.5,56.0,3.1,9.1,87.58333333333333,14.8
29.9,37.0,19.5,1008.3,39.0,2.7,4.4,23.20833333333333,9.4
30.4,37.5,21.6,1006.3,41.0,2.6,12.0,15.166666666666666,27.8
32.3,39.0,21.5,1007.3,39.0,3.4,5.4,21.25,13.0
33.4,39.1,24.8,1008.0,47.0,2.1,2.6,25.75,7.6
29.5,36.9,21.5,1007.2,41.0,2.3,11.3,105.33333333333331,16.5
29.3,36.0,18.8,1008.8,37.0,3.2,4.8,117.75,11.1
30.9,37.0,19.0,1008.9,33.0,2.6,6.9,20.791666666666668,14.8
31.6,38.0,23.2,1002.6,30.0,3.1,18.7,46.91666666666666,35.2
33.1,39.0,24.0,1003.0,26.0,2.6,10.4,104.625,24.1
33.6,40.0,23.0,1003.8,27.0,2.4,9.8,109.625,18.3
34.0,40.6,26.3,1005.5,29.0,2.6,13.9,0.0,22.2
33.9,39.6,25.8,1002.7,28.0,2.7,15.7,30.875,29.4
33.3,39.4,24.8,1000.7,28.0,3.1,8.3,75.58333333333333,18.3
33.4,40.0,21.2,1006.3,27.0,2.6,3.7,0.0,14.8
33.2,40.3,22.2,1005.1,29.0,2.3,5.0,0.0,14.8
34.0,40.7,22.2,1004.6,24.0,2.4,11.9,0.0,22.2
34.7,41.5,22.0,1001.7,24.0,2.3,8.5,142.5,16.5
38.0,44.0,23.8,1001.1,20.0,2.6,9.6,133.375,29.4
35.4,44.0,28.0,1003.2,35.0,2.7,6.5,102.41666666666669,18.3
33.2,38.0,25.0,1004.6,41.0,2.7,4.6,158.29166666666666,9.4
35.1,39.2,25.3,1005.1,40.0,2.4,7.2,149.58333333333334,11.1
33.8,39.8,27.6,1005.5,44.0,2.4,9.8,107.29166666666669,16.5
37.1,42.0,27.5,1000.7,30.0,2.9,8.3,106.5,18.3
36.5,43.0,27.0,1001.8,35.0,2.6,4.1,128.125,22.2
37.3,42.4,27.4,1002.4,32.0,2.6,4.8,108.0,14.8
37.3,43.7,28.6,997.4,44.0,2.6,9.4,98.41666666666669,22.2
37.3,42.8,31.2,996.2,49.0,2.6,8.3,94.375,14.8
36.2,41.5,30.7,995.3,50.0,2.9,10.9,118.5,18.3
32.9,39.0,27.4,996.6,50.0,2.4,9.4,110.41666666666669,27.8
34.6,39.0,26.0,998.4,49.0,2.4,6.7,95.83333333333331,16.5
37.4,41.0,30.6,998.8,31.0,1.9,14.1,93.5,27.8
32.7,37.5,24.7,1002.3,55.0,2.4,7.4,38.66666666666666,18.3
36.0,40.0,26.6,1001.7,46.0,3.1,9.1,45.375,22.2
37.7,42.0,30.7,1000.9,37.0,2.6,11.9,65.16666666666667,22.2
37.6,43.0,28.7,1001.2,42.0,2.4,2.8,67.08333333333333,11.1
34.6,40.3,28.7,1001.1,51.0,2.7,10.2,77.66666666666667,25.9
35.9,41.0,28.6,998.6,50.0,2.6,8.5,70.25,18.3
35.7,41.2,30.0,997.6,48.0,2.3,9.3,75.125,27.8
36.0,41.0,27.6,997.7,46.0,2.4,12.8,77.0,25.9
32.6,40.7,26.0,996.9,59.0,2.6,11.9,32.958333333333336,29.4
34.7,38.0,30.5,995.4,55.0,2.4,10.4,40.833333333333336,18.3
35.6,40.0,30.0,1000.7,57.0,3.1,9.4,90.70833333333331,25.9
31.1,40.1,26.0,999.8,74.0,2.4,7.6,97.29166666666669,14.8
32.9,38.6,27.0,999.7,64.0,2.4,8.9,79.83333333333333,16.5
35.5,39.9,31.2,999.7,60.0,2.4,9.8,40.375,18.3
34.9,39.6,29.6,999.6,61.0,2.4,7.8,49.41666666666666,14.8
34.4,39.4,26.0,998.3,63.0,2.3,8.0,43.66666666666666,14.8
32.2,39.8,25.4,995.4,73.0,2.3,8.3,0.0,14.8
28.4,36.6,24.4,998.1,82.0,2.4,5.2,29.666666666666668,9.4
29.6,32.0,25.7,997.6,80.0,2.3,2.0,47.75,7.6
33.6,36.7,28.8,996.7,66.0,5.8,5.9,43.66666666666666,11.1
30.7,36.9,28.8,996.8,78.0,2.3,5.4,29.83333333333333,27.8
33.3,37.0,27.8,996.2,68.0,2.6,6.7,29.666666666666668,11.1
31.1,34.2,27.8,997.8,78.0,2.6,6.9,37.625,24.1
30.4,35.4,26.7,997.8,82.0,2.1,5.2,41.458333333333336,14.8
31.0,35.2,26.0,997.9,80.0,2.4,7.2,53.125,18.3
32.4,35.2,26.2,999.0,72.0,2.9,13.5,36.0,25.9
34.1,37.0,28.5,998.5,63.0,3.2,13.0,70.58333333333333,22.2
34.1,37.2,29.0,998.4,61.0,2.6,11.5,52.458333333333336,22.2
31.9,35.0,28.3,1001.3,72.0,2.1,2.8,38.25,9.4
30.3,35.0,27.6,1002.6,83.0,2.3,6.5,26.58333333333333,16.5
28.3,35.8,26.8,1003.9,89.0,1.6,4.3,57.583333333333336,11.1
29.2,31.0,26.0,1000.0,85.0,1.8,4.6,41.375,13.0
29.1,32.6,26.4,998.6,85.0,1.8,5.9,25.541666666666668,13.0
30.9,35.0,26.0,997.4,73.0,2.6,6.5,28.375,11.1
32.6,36.0,26.2,997.8,66.0,3.4,5.6,40.333333333333336,9.4
33.3,36.0,26.4,999.7,67.0,3.2,7.8,35.375,18.3
33.4,36.5,28.6,999.9,66.0,2.9,9.8,31.916666666666668,16.5
31.2,36.7,28.0,997.8,75.0,2.7,9.1,36.79166666666666,14.8
29.9,34.0,25.5,1000.2,80.0,1.4,3.3,26.83333333333333,11.1
29.0,33.7,26.0,999.1,85.0,2.1,6.5,21.125,22.2
31.3,34.5,27.0,997.6,71.0,3.2,12.2,18.0,22.2
31.7,34.0,26.4,999.0,71.0,2.6,2.0,43.583333333333336,11.1
32.6,36.0,27.6,999.6,70.0,2.7,10.6,46.04166666666666,20.6
31.2,35.9,26.1,1000.4,71.0,3.2,8.7,28.75,18.3
31.0,35.0,26.8,1004.1,76.0,2.6,6.1,64.91666666666667,14.8
30.8,35.2,26.8,1005.0,76.0,2.7,3.7,30.666666666666668,18.3
27.3,33.3,24.0,1002.4,89.0,2.1,7.8,33.166666666666664,27.8
27.8,31.0,25.2,1001.3,88.0,2.4,4.6,30.625,7.6
30.7,34.0,25.5,1000.1,73.0,2.6,13.7,30.33333333333333,22.2
30.7,34.0,25.0,1000.5,65.0,3.4,12.0,31.75,27.8
31.1,35.0,25.0,1003.1,64.0,3.2,10.4,0.0,18.3
31.3,35.0,26.0,1004.6,63.0,3.2,11.5,0.0,18.3
31.4,36.0,26.7,1006.7,65.0,3.1,8.3,83.45833333333333,13.0
30.4,35.6,25.7,1006.5,72.0,2.9,4.3,71.66666666666667,14.8
31.7,37.1,26.0,1003.2,63.0,2.9,1.7,62.375,5.4
32.5,37.2,25.3,1003.0,59.0,3.1,1.7,24.875,7.6
32.6,37.4,27.0,1005.8,63.0,2.6,6.3,37.333333333333336,13.0
30.7,34.8,25.6,1004.5,66.0,2.6,3.3,41.5,11.1
31.4,35.2,26.0,1005.8,62.0,3.1,2.0,48.91666666666666,7.6
31.9,36.0,26.5,1007.2,66.0,2.3,2.4,26.666666666666668,7.6
32.4,36.4,27.5,1007.8,65.0,3.1,3.5,29.0,11.1
30.3,35.0,24.7,1007.3,62.0,2.3,7.6,60.54166666666666,18.3
29.9,35.0,23.0,1006.3,60.0,2.6,6.7,41.583333333333336,24.1
30.0,36.0,22.5,1004.9,63.0,2.6,3.0,50.91666666666666,7.6
28.6,35.0,19.8,1008.2,49.0,3.7,11.5,82.83333333333333,22.2
28.3,35.2,19.0,1009.4,53.0,3.4,9.1,95.25,35.9
26.8,35.2,17.5,1010.4,57.0,2.6,5.7,115.83333333333331,13.0
27.6,35.0,17.6,1007.6,53.0,3.1,5.9,136.70833333333334,13.0
27.7,35.0,18.6,1006.9,52.0,3.1,7.8,160.66666666666666,28.7
27.3,35.0,19.0,1007.8,55.0,3.2,7.2,173.58333333333334,27.8
27.2,34.5,19.5,1009.0,58.0,3.1,11.1,261.6666666666667,25.9
26.4,33.0,18.4,1012.4,60.0,2.6,4.6,272.4166666666667,14.8
25.4,33.4,16.5,1014.3,62.0,1.6,5.0,226.29166666666663,14.8
23.7,31.7,15.5,1017.7,69.0,1.0,1.3,99.70833333333331,5.4
23.4,31.1,14.2,1016.0,60.0,1.1,3.0,217.375,7.6
22.6,30.6,15.8,1015.4,69.0,0.5,1.1,309.375,5.4
23.9,32.0,14.5,1015.6,63.0,1.0,2.0,166.91666666666666,5.4
23.2,30.2,14.0,1012.6,55.0,1.1,7.4,278.0,18.3
22.5,29.5,15.6,1013.3,56.0,1.1,11.7,192.33333333333331,22.2
21.7,30.0,12.2,1014.5,52.0,1.1,6.3,235.33333333333331,16.5
22.2,30.2,13.6,1015.6,63.0,1.6,1.5,221.54166666666663,3.5
20.8,29.3,12.1,1016.7,58.0,1.8,3.5,210.54166666666663,9.4
20.7,28.8,10.6,1017.8,56.0,1.8,6.1,251.20833333333331,16.5
20.8,29.0,10.5,1013.9,61.0,1.8,2.6,194.70833333333331,7.6
22.0,31.0,10.7,1013.2,56.0,1.8,2.4,250.875,14.8
21.4,30.6,10.8,1011.9,54.0,2.6,7.8,274.875,18.3
24.2,31.0,16.5,1013.0,36.0,2.9,13.9,160.0,22.2
22.7,30.8,13.6,1012.0,38.0,3.4,11.9,217.91666666666663,20.6
21.4,29.6,12.7,1013.7,40.0,2.6,8.0,184.20833333333331,20.6
19.2,25.9,11.9,1017.0,84.0,0.8,2.6,176.375,9.4
18.9,25.8,11.5,1017.9,77.0,0.6,5.0,185.95833333333331,13.0
19.3,27.0,11.7,1019.6,57.0,1.8,5.2,195.375,11.1
17.8,24.8,11.2,1017.0,74.0,0.6,0.7,365.2916666666667,7.6
15.8,24.3,8.7,1015.8,77.0,0.8,1.7,312.2083333333333,7.6
18.2,27.0,7.7,1013.7,72.0,0.6,1.1,237.625,7.6
19.0,27.1,10.5,1015.1,61.0,1.6,3.3,202.875,9.4
18.0,26.6,10.5,1017.1,61.0,1.9,8.0,260.1666666666667,14.8
17.2,24.2,10.0,1017.2,58.0,1.6,9.3,403.9583333333333,22.2
16.3,23.0,6.6,1016.9,61.0,1.0,9.4,284.1666666666667,20.6
18.1,24.0,11.2,1015.4,56.0,1.8,15.9,288.4166666666667,25.9
17.8,25.0,10.7,1015.8,54.0,2.3,9.4,256.8333333333333,22.2
13.9,24.5,11.4,1015.0,95.0,0.6,8.7,169.0,14.8
16.3,23.0,9.8,1016.9,78.0,1.1,7.4,186.04166666666663,16.5
16.3,23.4,9.0,1017.3,68.0,1.3,7.8,185.58333333333331,18.3
15.6,23.0,9.0,1016.4,87.0,1.3,2.4,284.7958333333333,11.1
17.4,24.0,9.3,1018.9,81.0,1.3,2.2,219.72083333333333,9.4
16.7,24.3,9.5,1018.0,82.0,1.0,4.1,182.1875,13.0
14.7,24.4,13.5,1012.2,96.0,1.0,10.0,154.03750000000002,22.2
15.4,20.0,10.2,1015.5,84.0,1.1,2.2,223.20833333333331,7.6
14.1,20.2,8.6,1015.8,82.0,1.1,5.0,200.64583333333337,13.0
12.1,19.0,4.3,1017.8,70.0,1.4,6.1,285.225,14.8
12.6,19.5,3.2,1019.2,78.0,1.3,5.2,236.825,11.1
16.4,24.0,8.6,1017.3,73.0,1.3,3.3,276.90833333333336,7.6
14.0,21.0,6.4,1023.1,76.0,1.6,10.2,108.0,16.5
14.7,20.8,7.0,1021.4,72.0,1.0,6.1,125.89166666666668,14.8
19.8,25.6,12.5,1018.2,74.0,1.1,7.8,181.01250000000005,24.1
16.2,25.1,14.5,1017.1,92.0,0.8,8.0,152.55416666666667,22.2
16.1,20.0,13.2,1019.1,80.0,1.8,11.9,152.32083333333335,18.3
17.3,23.2,9.8,1016.0,71.0,1.4,4.6,319.7375,16.5
16.2,23.4,9.4,1017.9,75.0,1.3,8.0,332.7083333333333,16.5
17.0,24.0,8.6,1019.2,66.0,1.6,2.8,279.6,7.6
17.9,25.0,9.5,1017.3,68.0,1.6,3.3,179.11666666666667,11.1
16.1,23.5,8.6,1015.9,62.0,2.9,10.2,54.79166666666666,18.3
16.8,24.0,9.0,1015.2,63.0,1.8,5.7,93.375,18.3
16.7,24.2,9.4,1016.4,66.0,1.8,10.6,103.0,27.8
18.2,25.0,8.9,1021.9,59.0,2.3,7.6,132.20833333333334,18.3
18.6,29.0,10.2,1021.3,59.0,1.8,10.2,127.70833333333331,18.3
19.7,27.0,9.8,1020.3,58.0,2.4,8.7,109.33333333333331,32.4
24.1,31.0,15.6,1011.1,57.0,3.1,7.2,56.458333333333336,14.8
24.8,32.0,16.4,1005.0,56.0,2.4,6.3,135.83333333333334,14.8
20.9,32.4,15.7,1008.2,74.0,1.9,12.0,122.5,24.1
21.4,28.0,13.5,1013.6,47.0,3.1,18.5,69.66666666666667,35.2
20.4,28.1,12.4,1012.5,55.0,2.6,16.1,79.83333333333333,29.4
21.2,29.0,11.0,1014.2,52.0,3.2,8.0,62.708333333333336,16.5
24.7,32.5,18.0,1012.1,49.0,2.6,5.0,21.20833333333333,11.1
22.8,30.5,16.5,1011.1,59.0,1.9,4.4,1.9166666666666667,11.1
21.3,28.5,12.5,1010.6,41.0,3.1,8.3,1.8333333333333333,22.2
23.4,30.0,12.0,1008.3,41.0,2.6,5.9,105.83333333333331,14.8
22.8,30.7,17.6,1008.0,54.0,2.9,12.0,117.58333333333331,22.2
20.7,28.2,14.6,1007.6,67.0,2.6,8.1,122.70833333333331,18.3
18.4,24.0,9.0,1015.3,49.0,3.2,9.1,111.95833333333331,20.6
19.6,26.0,9.1,1016.4,50.0,2.7,6.5,59.208333333333336,22.2
21.4,28.0,10.5,1013.7,50.0,2.4,8.5,77.20833333333333,22.2
23.6,30.0,15.6,1011.7,57.0,2.6,7.6,98.70833333333331,18.3
24.2,30.0,15.4,1012.2,53.0,2.7,11.3,123.70833333333331,24.1
26.6,34.0,16.2,1011.6,47.0,2.9,10.9,64.79166666666667,22.2
27.8,35.0,17.7,1010.4,41.0,3.4,12.8,52.333333333333336,27.8
29.1,35.0,20.8,1009.8,38.0,3.2,16.1,52.04166666666666,35.2
30.6,37.0,21.8,1009.5,41.0,3.1,13.1,128.33333333333334,27.8
31.2,38.5,23.3,1007.5,41.0,2.9,8.3,0.0,18.3
32.8,39.0,23.2,1004.7,36.0,3.2,11.1,23.20833333333333,22.2
31.7,39.4,23.0,1004.2,34.0,3.5,10.7,15.166666666666666,25.9
32.8,39.0,21.4,1004.9,30.0,3.7,10.7,21.25,22.2
28.8,38.0,19.2,1008.0,32.0,1.9,5.9,81.83333333333333,18.3
27.5,34.4,16.5,1010.8,28.0,2.7,10.0,105.33333333333331,20.6
27.3,33.6,19.0,1010.8,29.0,3.9,13.3,117.75,25.9
31.6,40.0,19.9,1006.3,27.0,2.9,5.6,84.5,11.1
32.4,40.5,20.7,1004.5,33.0,2.3,2.6,46.91666666666666,9.4
33.0,40.6,22.0,1002.1,29.0,3.2,8.5,104.625,24.1
34.9,43.2,28.9,999.7,45.0,2.7,9.1,0.0,21.7
33.5,40.2,28.5,1001.9,49.0,2.3,8.5,30.875,22.2
33.9,40.0,26.8,1001.9,31.0,3.2,11.1,75.58333333333333,22.2
32.6,38.2,22.5,1006.3,33.0,2.7,11.9,0.0,51.9
32.2,38.5,24.0,1004.8,37.0,2.9,13.3,0.0,39.6
32.1,39.0,24.0,1005.4,40.0,3.1,5.9,0.0,20.6
32.2,38.1,23.1,1007.2,35.0,3.7,5.7,94.75,13.0
32.3,39.6,22.0,1006.8,37.0,3.2,4.4,142.5,13.0
32.6,40.0,24.4,1006.6,35.0,2.3,7.4,133.375,18.3
36.6,44.0,25.3,1003.7,27.0,3.4,8.0,147.83333333333334,18.3
36.6,44.1,27.6,1002.7,30.0,2.6,3.5,158.29166666666666,9.4
35.6,42.8,28.0,1001.5,36.0,3.2,10.7,149.58333333333334,20.6
36.0,41.8,27.5,1002.0,35.0,2.7,6.7,101.5,18.3
37.2,43.0,27.8,999.8,28.0,3.1,6.7,106.5,14.8
37.9,44.0,28.1,998.3,24.0,3.2,10.2,128.125,22.2
32.3,40.2,27.4,1001.4,45.0,3.2,6.5,101.95833333333331,18.3
34.0,41.4,28.4,1000.0,38.0,3.4,5.4,98.41666666666669,22.2
31.2,39.0,24.0,1001.5,45.0,2.1,9.8,94.375,22.2
36.4,41.6,28.5,999.1,36.0,3.4,4.3,107.625,11.1
37.8,44.0,29.0,997.3,33.0,3.1,8.3,110.41666666666669,22.2
35.3,43.9,29.3,998.0,46.0,3.9,13.3,95.83333333333331,18.3
29.4,37.0,26.0,1000.2,69.0,2.9,9.4,72.25,20.6
32.9,37.0,24.9,1000.7,52.0,2.4,5.0,38.66666666666666,14.8
34.9,40.0,26.0,999.4,38.0,2.6,6.7,45.375,13.0
37.3,42.5,28.7,996.6,32.0,3.4,12.2,65.16666666666667,35.2
31.7,43.0,26.0,1003.5,51.0,3.2,14.3,66.08333333333333,37.0
30.3,37.2,25.0,1002.1,62.0,3.5,8.9,77.66666666666667,18.3
32.9,37.0,26.4,1000.6,53.0,2.7,4.8,70.25,13.0
36.6,42.0,28.1,997.5,33.0,3.5,13.3,56.29166666666666,29.4
36.1,42.0,29.0,1000.4,37.0,2.9,12.8,77.0,43.2
34.7,41.6,28.6,998.9,39.0,3.1,11.3,32.958333333333336,22.2
30.2,37.0,24.0,998.0,72.0,3.2,10.2,80.625,27.8
27.6,37.4,23.2,998.3,79.0,2.6,5.6,90.70833333333331,14.8
27.7,32.2,23.7,999.0,85.0,2.4,6.7,97.29166666666669,13.0
35.7,39.0,30.0,997.7,58.0,3.1,6.7,50.708333333333336,13.0
35.2,39.4,30.4,998.9,62.0,3.4,7.6,40.375,18.3
35.6,39.0,30.5,998.5,59.0,3.4,9.4,49.41666666666666,18.3
30.3,34.5,25.4,995.6,84.0,2.4,3.3,61.875,9.4
28.1,35.1,26.0,996.9,91.0,1.9,6.5,0.0,14.8
32.0,37.0,26.7,996.5,75.0,2.3,3.7,29.666666666666668,9.4
31.3,35.8,25.2,1000.4,74.0,2.7,3.9,49.125,11.1
31.9,36.5,28.2,999.1,72.0,2.4,6.3,43.66666666666666,13.0
34.4,37.6,29.6,998.6,58.0,2.9,7.4,29.83333333333333,14.8
31.1,35.0,27.0,999.4,69.0,3.2,7.8,35.208333333333336,14.8
33.2,36.5,28.4,999.6,64.0,3.7,9.6,37.625,18.3
31.6,36.4,28.4,1000.2,76.0,3.2,6.1,41.458333333333336,14.8
34.1,38.0,28.0,997.6,64.0,2.7,5.0,38.583333333333336,18.3
29.2,38.4,25.0,998.0,84.0,2.3,6.9,36.0,18.3
32.5,36.0,28.0,997.5,70.0,3.1,10.0,70.58333333333333,18.3
29.6,33.4,26.6,997.3,84.0,2.4,9.3,33.166666666666664,16.5
31.6,35.0,26.4,999.1,74.0,3.2,8.9,38.25,13.0
32.2,35.0,28.6,1000.7,69.0,3.7,9.3,26.58333333333333,16.5
28.3,34.1,27.0,1001.1,89.0,2.1,4.6,15.416666666666666,18.3
28.8,32.0,26.8,1001.6,84.0,2.3,9.6,41.375,18.3
29.8,32.0,27.0,1000.2,78.0,2.7,10.2,25.541666666666668,14.8
31.2,35.0,27.3,997.2,69.0,2.9,18.7,28.375,27.8
29.8,36.1,26.0,1001.8,84.0,2.3,3.5,50.333333333333336,11.1
31.7,36.0,26.5,1001.5,77.0,2.7,4.8,35.375,13.0
29.2,35.6,27.0,999.3,87.0,1.6,3.5,31.916666666666668,18.3
31.3,35.0,27.3,1001.2,68.0,2.9,13.1,35.291666666666664,22.2
31.6,36.0,27.4,1003.3,63.0,3.7,7.2,26.83333333333333,14.8
27.9,37.8,26.0,1003.2,92.0,1.6,6.1,35.708333333333336,14.8
32.0,36.0,26.5,1001.8,70.0,3.1,9.6,43.583333333333336,28.7
32.1,36.0,28.3,1001.3,72.0,3.2,8.5,46.04166666666666,16.5
31.1,35.0,27.2,999.9,76.0,2.4,3.9,82.875,11.1
29.1,35.3,25.2,1000.4,84.0,2.4,4.3,64.91666666666667,22.2
31.0,36.0,24.8,1000.0,71.0,3.2,3.7,30.666666666666668,9.4
28.2,35.5,25.6,1003.7,89.0,1.6,6.1,34.416666666666664,20.6
28.7,33.0,25.5,1002.6,81.0,2.3,9.4,33.166666666666664,22.2
28.2,32.6,26.0,1002.8,78.0,2.7,9.8,30.625,22.2
30.7,35.0,25.2,1003.9,70.0,3.4,8.1,30.33333333333333,18.3
28.9,36.1,24.2,1005.5,76.0,2.9,6.7,0.0,13.0
31.2,35.0,26.5,1005.5,67.0,2.7,5.7,0.0,13.0
31.6,35.1,26.8,1003.9,65.0,3.1,6.7,0.0,11.1
32.2,36.2,27.0,1006.2,63.0,2.9,4.6,76.875,11.1
32.1,36.6,27.5,1005.6,67.0,2.4,3.0,83.45833333333333,7.6
32.7,36.1,27.0,1005.1,53.0,2.9,6.7,71.66666666666667,14.8
31.6,36.0,25.6,1002.8,59.0,2.6,1.1,69.70833333333333,7.6
31.6,37.0,25.0,1002.9,57.0,2.7,3.0,62.375,11.1
30.7,36.9,24.8,1002.7,69.0,2.9,6.9,24.875,11.1
30.2,35.0,23.8,1004.5,67.0,3.1,8.9,43.958333333333336,14.8
30.4,35.1,25.0,1005.7,66.0,3.4,5.7,41.5,18.3
30.8,36.0,23.8,1005.9,58.0,3.1,2.6,38.79166666666666,11.1
28.8,36.0,22.0,1005.9,55.0,3.4,5.7,30.33333333333333,22.2
29.9,36.4,21.9,1006.0,47.0,3.9,8.0,26.666666666666668,24.1
30.5,36.4,21.3,1007.9,53.0,3.7,7.2,29.0,14.8
29.6,36.0,21.6,1007.6,54.0,2.9,6.1,61.708333333333336,18.3
28.8,35.8,22.4,1006.9,63.0,2.6,3.9,60.54166666666666,11.1
29.6,36.0,22.5,1007.6,58.0,2.7,2.4,41.583333333333336,11.1
29.0,35.0,21.6,1004.5,57.0,2.6,4.4,80.04166666666667,14.8
28.8,36.4,21.5,1004.4,56.0,2.6,2.4,82.83333333333333,13.0
28.2,36.5,19.2,1005.1,54.0,2.7,3.5,95.25,16.5
28.5,36.0,19.4,1008.8,58.0,2.4,0.6,126.16666666666669,9.4
27.8,36.3,20.5,1007.5,62.0,1.3,2.0,136.70833333333334,13.0
25.9,35.3,18.4,1005.6,61.0,1.6,3.1,160.66666666666666,11.1
23.8,33.0,17.0,1013.7,63.0,1.6,2.6,245.66666666666663,7.6
23.8,33.1,16.1,1014.0,67.0,1.9,0.7,261.6666666666667,5.4
23.8,33.2,17.3,1012.8,69.0,1.8,0.7,272.4166666666667,5.4
23.5,31.4,17.6,1014.0,72.0,1.6,1.7,99.70833333333331,9.4
23.3,32.0,19.4,1012.9,79.0,1.3,2.6,217.375,9.4
22.7,30.3,17.5,1013.5,78.0,1.1,0.4,309.375,3.5
21.1,30.0,16.0,1014.4,73.0,0.6,1.9,321.5416666666667,11.1
19.7,30.2,14.0,1014.0,82.0,0.3,0.4,278.0,3.5
20.1,30.4,13.8,1013.2,71.0,0.5,0.9,192.33333333333331,7.6
19.3,28.5,12.4,1010.9,74.0,0.6,0.4,224.16666666666663,3.5
20.1,28.5,14.6,1011.2,73.0,0.8,1.9,196.75,7.6
18.1,24.3,13.5,1016.5,60.0,1.8,5.6,166.70833333333334,14.8
15.9,24.5,9.4,1017.3,58.0,1.4,3.9,130.70833333333334,11.1
16.0,24.4,10.2,1015.1,59.0,1.8,5.2,194.70833333333331,18.3
16.9,26.5,8.6,1016.0,57.0,1.9,3.5,134.45833333333334,9.4
16.9,27.5,8.6,1016.7,63.0,1.6,1.1,110.0,9.4
16.3,27.5,9.0,1013.9,63.0,1.9,5.0,160.0,13.0
15.7,27.1,8.2,1015.7,66.0,1.6,1.7,118.91666666666669,13.0
15.1,26.4,8.0,1016.6,72.0,1.3,0.7,185.95833333333331,5.4
17.4,25.0,12.0,1015.7,47.0,1.9,6.1,239.125,22.2
16.6,25.2,9.4,1015.4,52.0,1.9,6.7,365.2916666666667,22.2
16.1,26.6,0.7,1015.3,60.0,1.9,1.7,312.2083333333333,9.4
15.7,21.7,12.0,1018.2,85.0,1.0,3.3,121.33333333333331,7.6
13.6,21.3,9.6,1020.1,83.0,0.8,4.8,202.875,11.1
12.7,19.5,8.0,1021.0,78.0,1.0,6.1,260.1666666666667,11.1
15.2,25.6,9.6,1019.9,70.0,1.4,4.4,277.7083333333333,9.4
16.4,23.7,9.6,1020.6,82.0,0.5,2.8,284.1666666666667,9.4
17.4,25.0,12.0,1020.8,76.0,0.8,1.3,288.4166666666667,9.4
13.5,25.1,7.0,1017.8,79.0,1.0,3.9,166.91666666666666,13.0
14.4,23.2,7.1,1017.7,74.0,1.3,2.0,169.0,7.6
15.1,25.0,7.6,1017.1,71.0,1.3,3.5,186.04166666666663,13.0
12.2,23.9,5.7,1014.5,88.0,0.3,0.7,255.875,5.4
11.8,20.1,8.4,1015.3,89.0,0.3,2.8,217.08333333333331,9.4
11.3,18.2,6.7,1015.6,85.0,0.6,3.5,229.16666666666663,9.4
13.2,20.8,6.4,1015.2,69.0,1.4,8.5,298.4583333333333,14.8
12.1,20.7,5.0,1017.6,72.0,1.4,3.9,264.9166666666667,11.1
12.2,21.7,4.2,1019.1,75.0,1.4,5.7,404.5,18.3
13.6,23.7,5.5,1016.1,68.0,1.4,4.4,188.5,18.3
14.0,23.7,5.7,1016.2,69.0,2.3,4.8,164.75,14.8
14.7,25.0,6.4,1015.6,70.0,1.4,9.4,376.9166666666667,24.1
15.8,24.2,9.5,1016.0,79.0,1.0,4.6,0.0,11.1
14.2,24.9,8.0,1014.9,75.0,0.6,5.0,0.0,13.0
13.9,25.2,5.0,1014.7,70.0,1.9,0.4,57.0,3.5
12.5,18.9,8.8,1013.4,90.0,0.6,8.3,202.91666666666663,16.5
12.1,18.4,7.0,1014.1,89.0,0.5,4.4,205.125,9.4
13.0,20.2,8.0,1014.4,79.0,0.6,4.3,214.125,9.4
17.2,26.9,9.9,1014.3,69.0,1.4,13.0,315.7916666666667,25.9
18.7,27.2,11.0,1013.9,69.0,1.4,3.0,322.25,13.0
17.7,27.8,10.5,1012.7,69.0,1.6,3.7,246.04166666666663,14.8
16.0,26.5,9.3,1015.4,57.0,1.4,4.4,200.91666666666663,13.0
15.0,23.6,8.5,1014.6,55.0,1.4,7.4,99.5,22.2
13.9,24.1,5.5,1013.8,61.0,1.6,1.7,143.91666666666666,9.4
14.6,24.0,6.1,1014.4,59.0,1.3,2.2,100.25,7.6
16.4,23.4,9.0,1022.5,75.0,1.6,5.2,165.0,14.8
16.4,23.5,10.2,1021.6,63.0,1.8,11.1,116.45833333333331,25.9
17.5,23.4,11.6,1019.6,66.0,2.4,9.8,143.0,25.9
18.1,26.6,10.0,1013.9,60.0,1.6,3.3,231.125,18.3
19.0,28.2,10.1,1012.9,62.0,2.1,4.4,218.66666666666663,14.8
21.5,31.2,12.5,1010.5,59.0,1.8,1.5,211.0,5.4
22.5,31.6,17.0,1015.4,65.0,1.9,7.4,52.208333333333336,16.5
21.1,29.4,14.5,1012.8,64.0,2.6,11.3,187.5,25.9
22.3,29.8,15.4,1012.6,65.0,1.9,6.3,130.16666666666666,24.1
21.7,30.7,14.9,1010.8,62.0,1.6,1.7,123.125,7.6
22.9,31.0,15.5,1009.0,58.0,2.3,3.9,120.91666666666669,14.8
24.1,32.3,16.6,1006.9,53.0,2.1,2.0,153.625,9.4
21.8,29.4,14.7,1012.3,53.0,2.6,7.6,130.33333333333334,22.2
22.6,31.6,13.3,1013.2,57.0,2.3,3.1,110.70833333333331,14.8
23.4,32.2,14.8,1013.1,52.0,1.8,3.5,138.5,11.1
25.9,35.6,17.1,1008.9,45.0,2.3,2.8,75.75,11.1
24.8,36.2,17.0,1007.1,47.0,2.7,1.9,146.54166666666666,9.4
25.0,34.1,17.2,1007.8,51.0,2.6,11.3,116.625,27.8
24.6,34.4,15.0,1012.9,44.0,2.3,4.4,80.04166666666667,14.8
26.1,35.0,16.5,1009.2,45.0,2.6,2.2,100.04166666666669,5.4
26.1,35.0,21.0,1007.8,53.0,2.6,5.6,109.45833333333331,14.8
25.7,32.3,18.5,1013.6,49.0,1.9,8.7,110.16666666666669,22.2
26.3,33.6,19.5,1011.0,44.0,2.6,9.1,108.20833333333331,22.2
27.1,36.8,17.3,1007.9,38.0,3.2,4.6,103.83333333333331,14.8
26.9,36.2,20.0,1007.6,51.0,2.9,9.1,74.29166666666667,14.8
27.8,34.8,20.0,1008.6,52.0,2.7,6.1,101.79166666666669,11.1
27.6,36.2,20.8,1009.0,53.0,2.6,4.8,106.16666666666669,11.1
29.4,38.2,21.4,1007.2,49.0,2.6,2.6,89.875,5.4
27.9,36.6,19.0,1008.3,57.0,2.7,5.9,48.208333333333336,9.4
29.4,35.6,23.0,1008.8,51.0,2.3,9.1,47.04166666666666,18.3
25.2,36.3,20.2,1010.1,67.0,2.9,6.7,67.79166666666667,22.2
25.8,34.4,18.2,1008.3,38.0,2.3,3.0,56.66666666666666,14.8
28.1,36.0,18.2,1006.8,36.0,3.1,4.6,79.0,14.8
30.1,38.0,20.5,1006.0,39.0,2.7,3.1,123.58333333333331,11.1
31.1,39.0,23.0,1003.0,32.0,2.6,5.0,80.29166666666667,22.2
32.7,39.4,24.0,1002.6,26.0,1.9,12.4,137.875,33.5
29.2,39.5,24.0,1007.9,31.0,2.6,9.1,87.875,14.8
31.7,41.4,20.8,1002.3,26.0,2.6,5.6,121.20833333333331,18.3
33.2,41.6,25.5,1001.5,31.0,1.9,4.8,97.04166666666669,13.0
32.4,42.0,26.4,1004.7,48.0,3.1,7.0,92.08333333333331,9.4
31.7,40.0,26.5,1003.4,52.0,2.7,10.0,130.625,14.8
28.8,37.6,20.2,1004.7,59.0,1.6,13.7,90.5,31.3
29.6,34.2,25.0,1005.8,52.0,1.9,10.0,55.41666666666666,14.8
31.2,38.0,24.0,1003.2,40.0,1.9,11.7,108.33333333333331,37.0
29.1,39.6,24.6,1004.3,43.0,1.8,7.4,198.875,22.2
28.3,35.2,22.4,1006.1,57.0,1.9,3.3,120.70833333333331,11.1
29.9,42.2,24.4,1003.5,56.0,1.8,12.0,60.54166666666666,31.3
30.2,35.6,24.0,1004.6,53.0,2.6,6.7,79.0,9.4
32.2,37.4,26.4,1002.2,54.0,2.7,5.2,133.70833333333334,16.5
33.1,41.2,26.4,1001.7,40.0,1.9,4.4,53.25,14.8
33.2,41.4,27.0,1002.8,33.0,2.6,3.1,65.16666666666667,14.8
34.1,41.2,25.5,1002.9,26.0,2.7,5.9,83.58333333333333,16.5
34.5,43.0,23.8,1000.1,25.0,2.7,6.5,40.66666666666666,22.2
34.5,44.0,24.5,998.9,27.0,1.9,4.4,48.125,18.3
36.1,45.0,26.3,998.1,24.0,2.7,8.7,103.16666666666669,25.9
35.9,42.0,29.4,999.7,46.0,2.7,7.0,143.375,14.8
34.6,42.1,28.4,1000.7,50.0,2.6,12.8,44.79166666666666,33.5
32.3,42.0,26.6,1001.6,53.0,2.7,12.0,71.95833333333333,18.3
34.0,39.2,27.7,998.6,56.0,2.6,9.6,17.5,14.8
35.8,40.8,29.2,997.0,53.0,1.9,6.5,101.0,11.1
35.2,41.4,32.0,994.3,55.0,1.9,11.3,76.20833333333333,18.3
30.3,40.5,25.6,995.1,75.0,1.4,11.5,84.33333333333333,33.5
37.8,41.7,34.0,990.4,41.0,1.6,19.4,48.833333333333336,33.5
36.8,41.2,33.0,992.5,41.0,1.6,16.9,64.45833333333333,25.9
36.7,40.5,33.4,994.7,43.0,1.9,17.4,80.54166666666667,27.8
34.2,39.4,26.5,998.2,49.0,2.6,5.9,65.41666666666667,16.5
35.2,40.2,29.8,998.9,55.0,2.6,1.9,54.66666666666666,5.4
36.2,41.9,30.9,998.2,50.0,1.9,3.5,78.54166666666667,11.1
36.6,42.2,32.6,993.8,42.0,2.1,11.3,49.125,31.7
32.4,42.7,30.7,995.5,59.0,1.9,5.4,65.875,11.1
30.3,37.5,26.2,997.8,76.0,1.9,10.2,72.41666666666667,18.3
32.6,36.2,29.0,997.2,68.0,1.9,11.9,184.66666666666663,22.2
31.2,37.4,24.4,995.6,66.0,2.9,12.0,113.33333333333331,24.1
32.1,37.8,23.6,995.7,70.0,2.3,6.3,146.20833333333334,13.0
33.7,37.8,28.2,997.0,59.0,1.9,3.1,112.29166666666669,14.8
35.2,39.4,28.5,995.6,55.0,3.1,3.3,60.625,7.6
33.4,40.1,30.8,996.1,71.0,1.9,9.4,71.0,14.8
29.3,37.8,26.2,996.9,85.0,1.9,3.7,153.41666666666666,9.4
30.3,34.2,25.4,996.2,82.0,1.9,3.7,134.95833333333334,11.1
31.8,35.2,27.6,996.2,77.0,1.9,5.6,81.125,11.1
32.8,37.3,28.8,996.9,73.0,2.6,5.2,52.25,11.1
29.2,37.8,26.0,996.8,87.0,1.9,1.9,160.375,5.4
29.2,33.4,27.0,997.3,89.0,1.9,2.8,99.375,7.6
29.5,36.7,28.0,997.3,84.0,1.9,3.9,31.45833333333333,9.4
26.9,32.2,25.8,997.6,95.0,1.9,6.5,47.375,11.1
26.7,28.7,25.2,996.7,95.0,1.9,3.1,38.16666666666666,13.0
30.0,34.5,27.2,997.0,76.0,1.9,8.3,35.958333333333336,14.8
31.5,35.0,26.0,997.0,71.0,2.7,5.0,25.08333333333333,14.8
32.1,35.6,28.2,998.3,67.0,2.3,13.0,45.833333333333336,22.2
31.5,35.8,28.2,998.6,68.0,2.3,11.7,33.708333333333336,22.2
28.2,31.8,26.4,999.2,89.0,1.9,2.6,26.416666666666668,7.6
30.4,33.4,26.5,999.9,83.0,1.9,4.6,30.666666666666668,9.4
32.0,35.4,27.6,1001.8,73.0,2.3,4.6,29.95833333333333,14.8
30.4,33.2,27.6,997.1,78.0,1.9,1.7,23.875,7.6
30.8,34.4,27.4,997.6,80.0,2.3,4.3,22.33333333333333,9.4
31.1,35.3,28.4,999.9,73.0,2.6,5.6,25.08333333333333,14.8
30.0,33.6,25.9,999.8,83.0,1.9,4.3,64.875,9.4
31.7,36.4,26.2,999.2,73.0,1.9,4.6,47.583333333333336,9.4
30.3,34.4,27.0,998.5,73.0,2.6,11.3,33.5,24.1
31.0,34.2,27.0,998.0,73.0,3.2,7.8,43.04166666666666,24.1
29.6,34.9,26.5,999.8,83.0,2.6,2.6,38.41666666666666,9.4
30.9,35.1,28.0,1000.0,76.0,2.3,4.8,49.29166666666666,11.1
27.1,34.0,23.5,1002.6,93.0,1.8,4.8,19.541666666666668,16.5
26.7,29.4,25.0,1002.3,92.0,1.9,4.6,22.83333333333333,11.1
26.7,29.0,25.6,1002.4,95.0,1.6,0.4,24.291666666666668,3.5
28.3,34.6,24.6,1003.2,86.0,2.1,1.7,74.66666666666667,9.4
28.7,34.1,25.5,1003.5,83.0,2.6,9.3,41.875,22.2
28.6,33.6,25.0,1005.2,80.0,3.1,8.1,50.583333333333336,11.1
30.3,33.6,26.5,1003.3,67.0,2.6,13.0,58.125,18.3
29.5,34.4,22.2,1005.7,70.0,3.4,7.0,57.29166666666666,14.8
30.6,34.6,25.5,1007.3,60.0,4.0,8.1,38.25,13.0
30.0,35.4,24.0,1005.2,66.0,2.7,2.8,56.91666666666666,7.6
28.3,35.7,23.8,1008.0,75.0,2.6,9.1,54.625,14.8
25.8,34.0,22.2,1008.0,91.0,1.9,10.9,42.875,18.3
28.0,33.2,22.6,1007.8,75.0,2.7,2.4,43.333333333333336,7.6
29.3,35.4,23.2,1008.3,63.0,2.6,2.0,41.875,11.1
28.9,35.5,23.4,1009.1,65.0,2.3,2.6,44.41666666666666,11.1
28.2,34.8,22.2,1008.4,66.0,2.7,2.6,41.958333333333336,9.4
28.7,35.2,22.5,1008.8,63.0,2.6,0.4,0.0,3.5
28.8,35.6,22.5,1008.5,59.0,2.6,0.4,0.0,3.5
26.4,34.6,20.2,1010.0,63.0,2.3,1.9,45.75,7.6
27.5,34.8,20.1,1008.1,63.0,1.9,2.0,70.70833333333333,9.4
27.8,35.3,22.4,1007.4,66.0,1.9,3.7,51.79166666666666,9.4
24.2,31.8,17.3,1011.6,58.0,2.6,5.4,11.583333333333334,14.8
25.7,32.5,17.0,1012.1,58.0,2.6,3.0,13.0,9.4
27.1,34.0,17.8,1011.0,54.0,2.3,2.8,156.25,9.4
26.0,33.8,17.4,1013.8,52.0,2.4,2.0,156.0,7.6
24.5,32.5,15.0,1014.8,58.0,2.4,2.0,252.625,7.6
24.2,32.4,15.8,1016.8,59.0,2.1,0.6,119.41666666666669,5.4
24.2,31.0,15.6,1016.7,62.0,1.9,2.4,126.0,9.4
24.1,31.0,16.0,1015.3,63.0,1.6,2.2,232.33333333333331,10.7
24.1,31.1,16.0,1014.3,65.0,1.6,5.0,215.54166666666663,14.4
24.6,32.0,16.0,1012.1,63.0,1.6,4.1,239.41666666666663,7.6
25.2,31.6,18.5,1011.7,63.0,1.9,9.4,196.54166666666663,14.8
20.3,28.0,12.5,1015.7,44.0,3.1,8.3,232.54166666666663,18.3
18.6,27.8,10.5,1014.7,58.0,1.4,1.1,185.5,3.5
21.9,30.2,14.2,1009.6,74.0,1.3,4.1,257.6666666666667,9.4
22.2,29.4,17.6,1011.4,77.0,2.3,5.4,166.875,14.8
22.2,28.5,16.2,1015.2,67.0,2.4,4.8,135.16666666666666,9.4
19.3,27.9,10.4,1016.4,59.0,2.9,2.0,135.58333333333334,9.4
19.8,27.2,10.5,1016.3,64.0,2.1,0.7,152.04166666666666,5.4
20.8,28.2,10.7,1018.0,65.0,1.9,0.9,141.41666666666666,5.4
19.6,28.0,9.0,1014.6,56.0,2.4,2.4,91.75,11.1
18.9,28.1,8.6,1016.7,58.0,1.9,3.5,99.91666666666669,9.4
17.5,25.1,8.8,1015.7,67.0,1.9,4.8,119.70833333333331,22.2
16.5,24.2,7.6,1016.3,70.0,1.8,2.8,110.875,11.1
17.4,25.0,8.2,1014.9,66.0,1.8,1.1,200.33333333333331,7.6
15.7,21.4,8.0,1022.8,74.0,1.9,5.9,25.08333333333333,14.8
15.3,22.0,8.2,1022.3,78.0,1.9,5.6,57.083333333333336,13.0
14.8,22.3,5.2,1018.9,67.0,2.1,4.6,349.2916666666667,11.1
12.3,22.4,4.0,1017.9,74.0,1.3,1.1,188.04166666666663,3.5
11.3,22.3,4.7,1017.7,82.0,1.1,3.0,310.25,3.5
12.3,19.4,6.2,1016.8,80.0,1.3,6.7,204.375,25.9
11.1,20.6,3.6,1015.7,76.0,1.3,3.0,223.25,9.4
11.6,21.4,3.4,1017.1,76.0,1.1,2.4,248.95833333333331,5.4
12.0,22.9,3.8,1021.2,73.0,0.8,4.8,25.9,nan
12.8,22.6,4.0,1020.0,75.0,1.3,2.0,284.7958333333333,9.4
13.8,23.0,6.5,1020.7,79.0,1.1,0.9,219.72083333333333,3.5
13.5,23.4,6.7,1021.3,83.0,0.6,7.2,182.1875,22.2
13.2,20.0,7.1,1019.9,88.0,0.8,3.7,154.03750000000002,9.4
13.6,20.1,7.0,1017.5,85.0,0.8,6.9,223.20833333333331,14.8
13.5,20.4,8.0,1017.2,78.0,1.4,8.3,200.64583333333337,25.9
15.7,22.9,8.5,1019.6,82.0,1.3,3.1,285.225,3.5
13.3,23.5,8.0,1019.3,69.0,2.3,11.3,236.825,27.8
11.2,19.5,6.0,1018.7,80.0,1.6,7.2,276.90833333333336,14.8
14.8,25.4,5.7,1017.1,79.0,1.3,2.0,108.0,9.4
17.5,28.2,7.0,1015.5,79.0,1.3,2.2,107.625,3.5
16.4,28.7,11.5,1012.8,87.0,1.4,14.3,125.89166666666668,31.7
13.4,22.0,9.2,1020.2,87.0,1.8,4.1,181.01250000000005,7.6
12.2,19.0,6.0,1022.9,75.0,2.1,5.7,152.55416666666667,14.8
12.9,19.2,5.2,1022.9,73.0,1.9,16.3,152.32083333333335,38.9
15.5,21.0,8.2,1017.6,78.0,1.9,8.3,319.7375,18.3
16.3,22.0,11.0,1018.9,82.0,1.4,7.6,332.7083333333333,18.3
12.9,22.5,8.2,1018.8,92.0,0.8,10.2,279.6,22.2
13.8,20.0,9.4,1020.2,88.0,1.1,9.1,179.11666666666667,16.5
16.5,25.1,13.2,1012.4,96.0,1.6,16.9,54.79166666666666,46.9
14.9,20.4,7.0,1017.2,72.0,2.1,9.4,93.375,18.3
14.8,20.6,8.4,1019.5,71.0,2.6,11.3,103.0,18.3
19.3,25.0,11.4,1017.8,70.0,1.6,4.6,132.20833333333334,14.8
17.7,25.3,13.9,1015.2,88.0,1.4,11.3,127.70833333333331,33.5
17.6,23.0,11.8,1016.4,83.0,1.8,8.1,109.33333333333331,18.3
18.7,25.8,12.0,1014.3,78.0,1.9,5.0,56.458333333333336,14.8
18.3,24.5,14.5,1017.4,86.0,1.9,5.0,135.83333333333334,9.4
21.6,28.0,13.2,1015.9,72.0,2.9,9.4,122.5,16.5
16.2,23.8,9.2,1010.9,74.0,1.9,3.7,69.66666666666667,11.1
15.3,25.4,10.3,1011.2,80.0,1.9,5.6,79.83333333333333,14.8
14.3,21.0,9.5,1012.2,81.0,1.9,3.9,62.708333333333336,11.1
16.3,23.4,6.8,1015.7,66.0,1.9,4.4,21.20833333333333,14.8
15.2,24.1,12.8,1016.3,91.0,1.1,5.4,1.9166666666666667,14.8
17.1,22.4,12.8,1011.8,87.0,1.9,3.7,1.8333333333333333,11.1
19.5,26.0,9.0,1012.0,55.0,2.7,5.7,105.83333333333331,16.5
20.4,26.5,10.8,1013.4,60.0,2.7,5.0,117.58333333333331,14.8
20.6,26.5,12.6,1014.1,59.0,3.4,7.8,122.70833333333331,14.8
18.6,25.0,11.8,1016.7,71.0,2.6,7.6,59.208333333333336,18.3
20.2,26.0,10.4,1017.7,64.0,2.7,6.9,77.20833333333333,11.1
24.1,31.0,12.8,1009.6,58.0,2.6,3.3,98.70833333333331,7.6
26.9,34.0,15.5,1009.2,51.0,2.9,5.0,123.70833333333331,14.8
25.6,34.1,16.6,1012.3,44.0,2.7,3.7,64.79166666666667,7.6
24.4,32.1,17.6,1012.0,55.0,3.5,8.9,52.333333333333336,14.8
24.2,30.4,16.2,1013.7,57.0,3.2,10.7,52.04166666666666,24.1
25.1,31.4,15.0,1013.3,53.0,3.5,10.7,128.33333333333334,25.9
28.8,39.2,21.0,1007.6,35.0,3.7,12.6,0.0,27.8
27.7,34.3,17.6,1008.5,41.0,3.9,12.4,23.20833333333333,22.2
27.6,35.0,16.2,1008.8,42.0,3.9,5.0,15.166666666666666,14.8
29.2,37.0,17.6,1008.1,41.0,3.5,9.1,21.25,18.3
30.8,37.8,22.4,1006.2,57.0,1.8,10.7,81.83333333333333,35.2
29.4,36.0,20.2,1006.5,52.0,2.6,5.9,105.33333333333331,18.3
30.2,37.0,20.4,1005.5,48.0,3.2,4.6,117.75,11.1
31.4,38.0,21.6,1007.8,42.0,3.7,12.8,84.5,25.9
32.2,38.0,21.8,1006.8,40.0,4.5,9.8,46.91666666666666,14.8
33.6,40.0,25.5,1006.0,36.0,3.7,9.4,104.625,18.3
27.5,32.0,18.2,1007.9,50.0,3.7,9.4,110.875,14.8
29.2,35.0,19.8,1005.2,46.0,3.4,5.7,42.958333333333336,14.8
31.1,37.2,20.6,1004.0,41.0,3.5,9.3,0.0,20.6
34.8,41.0,25.4,1003.3,26.0,2.9,11.7,0.0,22.2
34.8,42.0,23.4,1001.8,30.0,3.1,8.7,0.0,18.3
34.4,43.7,24.4,999.7,39.0,2.6,5.4,94.75,13.0
33.5,41.3,25.8,1002.9,45.0,2.7,11.9,142.5,25.9
33.5,41.2,21.8,1001.9,40.0,2.6,10.7,147.83333333333334,25.9
35.3,42.0,23.6,1001.2,38.0,2.7,11.5,158.29166666666666,24.1
36.1,42.0,26.4,1000.6,38.0,2.6,13.7,149.58333333333334,25.9
33.3,40.0,25.4,1003.9,52.0,1.9,8.9,101.5,31.7
30.8,40.2,20.8,1003.9,60.0,3.1,5.6,106.5,14.8
29.4,36.0,23.0,1004.5,72.0,2.3,8.0,128.125,18.3
33.7,40.0,25.0,1002.4,45.0,2.6,8.0,89.54166666666667,27.8
29.8,40.4,23.8,1003.8,60.0,3.2,11.1,87.25,25.9
32.5,37.0,24.5,1002.6,41.0,3.7,11.5,107.625,25.9
36.6,43.0,24.6,998.9,30.0,4.0,9.1,97.625,18.3
37.6,44.8,27.6,998.3,40.0,3.1,7.8,38.66666666666666,13.0
37.3,43.5,30.8,998.4,44.0,2.7,9.4,45.375,18.3
35.9,42.5,29.4,998.8,47.0,2.7,11.9,65.16666666666667,18.3
35.0,43.9,26.4,1001.9,46.0,3.4,7.0,66.08333333333333,11.1
37.9,43.0,28.0,1000.5,36.0,3.1,6.7,77.66666666666667,16.5
37.4,44.0,27.2,996.8,34.0,2.7,5.6,70.25,18.3
37.0,41.6,29.0,997.8,38.0,3.2,9.8,56.29166666666666,18.3
37.6,44.0,29.2,997.1,29.0,3.4,11.3,77.0,24.1
37.9,43.7,27.8,997.7,28.0,2.9,14.4,32.958333333333336,37.0
32.2,37.0,24.2,1000.3,53.0,2.9,6.1,80.625,11.1
33.5,39.0,25.4,1000.9,50.0,3.5,6.7,90.70833333333331,13.0
35.1,39.0,28.2,1000.1,50.0,3.1,5.7,97.29166666666669,14.8
35.8,41.0,29.6,997.5,52.0,2.7,6.7,40.375,18.3
35.3,41.1,28.6,996.1,49.0,2.4,8.0,49.41666666666666,18.3
36.8,42.2,30.6,996.3,45.0,3.1,7.6,61.875,14.8
34.9,41.6,30.0,996.8,53.0,2.6,6.5,0.0,11.1
34.9,38.4,30.6,997.5,58.0,1.9,8.1,29.666666666666668,11.1
33.7,37.0,28.6,994.1,65.0,2.7,6.7,43.66666666666666,14.8
31.6,36.7,28.8,995.0,70.0,2.7,9.6,29.83333333333333,18.3
35.6,40.0,31.2,996.7,53.0,2.6,13.7,35.208333333333336,27.8
34.3,39.6,28.4,995.8,58.0,2.7,11.3,37.625,20.6
29.1,37.7,24.0,997.1,79.0,2.4,7.6,41.458333333333336,27.8
31.9,36.0,25.0,1000.9,69.0,2.7,5.4,38.583333333333336,9.4
30.7,37.0,26.0,1001.0,77.0,2.4,5.2,36.0,27.8
30.6,36.7,25.6,1000.6,78.0,2.7,6.3,70.58333333333333,14.8
28.7,37.8,25.0,998.2,81.0,2.4,7.2,33.166666666666664,16.5
28.6,32.0,26.2,996.7,86.0,2.1,7.6,38.25,14.8
28.7,32.5,25.4,997.6,88.0,1.9,8.9,26.58333333333333,16.5
31.9,35.1,27.8,999.5,73.0,3.2,6.7,15.416666666666666,13.0
32.9,37.0,27.8,998.5,68.0,3.2,7.8,41.375,13.0
30.9,36.9,28.0,998.2,76.0,2.6,6.9,25.541666666666668,18.3
30.1,34.6,27.4,997.9,81.0,2.1,7.6,28.375,18.3
30.9,35.0,25.6,995.1,77.0,2.4,7.2,50.333333333333336,14.8
31.5,37.9,28.4,997.4,73.0,3.4,15.4,31.916666666666668,27.8
30.4,35.0,26.6,1000.9,81.0,2.9,8.5,35.291666666666664,18.3
30.5,35.5,25.6,1000.7,83.0,2.3,4.3,26.83333333333333,9.4
30.6,35.0,24.8,1000.5,78.0,2.9,10.0,21.125,24.1
30.7,34.0,23.6,1003.7,70.0,2.7,6.1,35.708333333333336,14.8
31.4,35.0,25.6,1002.5,70.0,2.6,8.3,43.583333333333336,16.5
32.0,36.0,24.8,1002.1,69.0,2.9,8.1,46.04166666666666,18.3
29.3,34.0,26.4,1003.3,81.0,2.1,6.7,82.875,14.8
32.9,36.4,27.4,1001.5,67.0,3.1,5.4,30.666666666666668,13.0
33.0,36.7,29.2,998.8,68.0,2.6,5.9,34.416666666666664,11.1
29.9,37.0,26.4,1001.5,76.0,2.6,8.0,33.166666666666664,18.3
32.7,36.4,27.1,1000.8,69.0,2.7,4.3,30.625,11.1
29.9,37.2,27.2,1000.1,83.0,1.9,5.9,0.0,11.1
31.9,35.5,26.4,1001.0,74.0,2.1,3.9,0.0,9.4
32.2,36.0,28.3,999.5,70.0,1.9,3.9,0.0,11.1
32.0,35.0,28.8,1004.5,70.0,2.9,8.3,83.45833333333333,14.8
30.7,35.2,27.3,1003.8,78.0,2.3,5.4,71.66666666666667,10.7
29.1,35.1,25.1,1009.5,75.0,2.7,7.8,69.70833333333333,14.8
30.8,35.0,24.9,1007.5,68.0,3.1,6.7,62.375,13.0
28.0,35.3,24.0,1007.2,81.0,2.3,5.4,24.875,14.8
30.2,35.0,24.5,1011.6,68.0,2.9,7.2,43.958333333333336,13.0
28.5,34.0,25.4,1010.3,76.0,3.1,9.1,38.79166666666666,14.8
28.7,33.0,23.8,1008.3,74.0,2.9,6.7,30.33333333333333,11.1
28.8,34.4,21.4,1010.9,68.0,2.4,5.2,29.0,14.8
27.7,32.9,22.4,1011.6,61.0,2.4,8.1,61.708333333333336,18.3
27.2,32.0,20.2,1011.5,58.0,3.5,6.7,60.54166666666666,14.8
27.5,34.0,20.3,1010.9,60.0,3.1,3.3,41.583333333333336,11.1
27.8,33.2,20.8,1012.2,61.0,2.3,3.3,80.04166666666667,9.4
27.6,34.0,20.6,1012.6,63.0,2.3,3.7,82.83333333333333,9.4
27.3,34.7,19.8,1014.6,60.0,2.3,3.7,126.16666666666669,7.6
26.0,32.6,19.0,1014.2,54.0,2.3,5.6,136.70833333333334,14.8
24.7,32.5,17.2,1011.8,58.0,2.3,7.2,160.66666666666666,18.3
25.2,32.1,18.2,1012.4,61.0,1.8,3.9,245.66666666666663,11.1
24.9,30.9,17.6,1013.1,65.0,1.9,1.9,261.6666666666667,5.4
25.1,31.4,17.4,1012.7,57.0,1.8,6.9,272.4166666666667,14.8
24.7,32.0,16.8,1011.8,63.0,1.0,3.0,149.625,9.4
25.4,32.0,17.1,1011.9,66.0,0.6,1.7,99.70833333333331,5.4
24.5,31.7,18.8,1013.8,70.0,0.6,5.0,217.375,14.8
23.4,29.5,18.7,1014.6,74.0,0.6,7.8,309.375,14.8
20.6,32.3,17.0,1011.0,80.0,1.0,5.6,321.5416666666667,13.0
21.9,30.0,15.6,1013.7,72.0,1.4,3.3,278.0,11.1
21.6,30.1,15.6,1013.9,63.0,1.6,5.4,192.33333333333331,11.1
20.3,28.2,13.4,1016.0,71.0,0.6,0.9,224.16666666666663,3.5
20.2,28.3,15.4,1016.6,81.0,0.5,2.6,196.75,7.6
21.2,27.6,16.0,1015.3,75.0,0.5,1.5,221.54166666666663,5.4
19.0,26.8,12.3,1014.2,71.0,1.9,4.1,166.70833333333334,11.1
19.1,28.2,11.4,1015.1,70.0,1.9,0.4,130.70833333333334,3.5
19.3,28.9,12.5,1016.9,72.0,1.3,0.7,194.70833333333331,5.4
20.0,26.8,13.7,1016.2,74.0,1.4,1.1,134.45833333333334,5.4
20.7,27.2,16.2,1015.5,70.0,1.9,4.3,110.0,9.4
20.4,27.9,14.5,1015.5,76.0,1.4,5.6,160.0,9.4
15.7,23.2,9.4,1017.3,78.0,1.6,4.1,118.91666666666669,11.1
15.4,23.4,8.0,1017.8,72.0,1.8,5.6,176.375,14.8
15.4,24.3,9.1,1017.3,66.0,1.8,5.7,185.95833333333331,16.5
15.1,24.2,9.3,1019.1,85.0,1.3,0.6,239.125,25.9
15.3,24.8,8.7,1019.0,78.0,1.0,1.5,365.2916666666667,7.6
14.8,23.8,7.7,1018.3,76.0,1.1,1.9,312.2083333333333,7.6
15.2,21.5,12.4,1014.4,94.0,1.0,7.2,121.33333333333331,11.1
14.7,18.7,9.7,1020.3,88.0,1.4,3.0,202.875,5.4
14.2,19.2,9.8,1020.0,87.0,1.3,6.5,260.1666666666667,11.1
10.3,18.0,5.2,1018.8,94.0,0.3,3.1,277.7083333333333,7.6
12.1,17.4,6.4,1016.8,91.0,0.3,5.7,284.1666666666667,11.1
12.6,17.5,8.8,1017.9,90.0,0.6,5.7,288.4166666666667,9.4
8.4,17.2,6.0,1019.4,93.0,0.8,8.1,166.91666666666666,11.1
8.8,13.0,5.4,1018.6,85.0,0.6,4.6,169.0,7.6
8.6,13.6,4.2,1019.6,83.0,0.6,3.3,186.04166666666663,7.6
8.1,14.7,4.8,1021.0,84.0,1.0,4.8,9.4,nan
10.8,20.2,2.4,1022.1,84.0,0.6,3.1,255.875,13.0
13.7,22.0,4.6,1020.9,80.0,0.8,2.0,217.08333333333331,7.6
14.4,23.0,7.6,1018.5,82.0,1.3,2.0,229.16666666666663,7.6
15.0,19.1,11.6,1016.2,88.0,1.3,5.4,298.4583333333333,7.6
13.2,19.0,11.0,1015.3,99.0,0.6,5.0,264.9166666666667,7.6
10.4,14.6,7.8,1020.8,89.0,0.8,6.3,404.5,9.4
14.2,23.4,8.0,1012.5,85.0,1.0,7.8,188.5,13.0
12.6,19.9,8.6,1016.3,89.0,1.0,4.3,164.75,9.4
13.7,19.8,6.4,1016.3,80.0,1.0,4.4,376.9166666666667,9.4
11.0,17.7,7.0,1019.8,87.0,1.0,9.8,0.0,16.5
11.9,16.7,8.3,1018.5,89.0,0.6,5.2,0.0,11.1
13.6,20.0,9.2,1019.7,87.0,0.6,3.5,57.0,9.4
11.6,21.1,4.8,1017.1,80.0,1.6,2.6,202.91666666666663,5.4
14.7,22.6,6.9,1015.0,73.0,1.3,5.2,205.125,13.0
15.5,22.7,8.5,1012.1,79.0,1.0,4.3,214.125,9.4
12.9,20.2,7.2,1016.0,77.0,1.6,6.7,315.7916666666667,13.0
12.3,19.7,5.7,1019.6,82.0,1.4,3.3,322.25,13.0
12.1,19.9,6.0,1020.3,83.0,1.1,5.7,246.04166666666663,13.0
12.9,21.2,5.4,1018.5,74.0,2.1,4.4,200.91666666666663,13.0
12.7,20.4,6.1,1019.7,79.0,1.1,3.9,99.5,7.6
13.7,20.8,7.0,1021.5,78.0,1.4,4.6,143.91666666666666,14.8
13.9,22.2,6.6,1021.6,77.0,1.6,3.1,100.25,11.1
20.0,27.4,12.3,1015.0,67.0,1.8,12.0,165.0,18.3
18.8,27.8,13.7,1012.8,63.0,1.8,13.9,116.45833333333331,18.3
18.2,25.4,11.5,1013.5,61.0,1.9,14.1,143.0,18.3
19.1,26.9,8.1,1013.5,70.0,1.9,8.9,231.125,18.3
21.8,27.2,13.6,1013.0,68.0,2.1,12.4,218.66666666666663,22.2
16.8,27.5,14.2,1018.3,85.0,2.6,9.8,211.0,16.5
19.3,26.4,13.0,1013.6,79.0,1.4,3.1,52.208333333333336,9.4
20.3,27.2,12.7,1014.2,73.0,1.4,4.3,187.5,14.8
20.7,27.4,13.0,1014.1,82.0,1.8,4.6,130.16666666666666,9.4
21.9,27.6,14.4,1012.9,77.0,1.9,3.1,120.91666666666669,7.6
21.2,27.8,14.6,1012.4,81.0,1.9,1.3,153.625,5.4
21.1,28.6,14.3,1010.7,72.0,1.9,3.7,119.41666666666669,11.1
17.3,22.4,13.0,1015.1,91.0,1.9,3.9,110.70833333333331,9.4
18.0,24.4,11.1,1015.8,79.0,1.9,5.0,138.5,11.1
18.3,25.0,12.4,1013.1,72.0,2.7,8.5,39.29166666666666,18.3
21.3,28.0,13.8,1014.0,63.0,2.6,5.6,146.54166666666666,9.4
18.5,28.3,15.6,1014.8,88.0,1.9,4.8,116.625,9.4
18.8,25.0,12.0,1016.9,78.0,1.6,4.8,163.0,11.1
23.2,29.8,16.0,1010.7,73.0,2.1,4.1,100.04166666666669,9.4
24.7,31.2,16.4,1009.5,72.0,1.9,3.7,109.45833333333331,7.6
23.6,31.4,17.8,1010.7,72.0,2.6,3.1,103.08333333333331,7.6
25.6,33.0,16.8,1010.9,70.0,3.1,5.6,108.20833333333331,14.8
24.1,33.3,19.0,1012.2,75.0,1.9,8.7,103.83333333333331,18.3
21.7,29.2,17.6,1014.3,80.0,2.6,7.4,111.5,14.8
24.5,32.2,16.0,1010.1,54.0,2.6,6.3,101.79166666666669,9.4
25.6,32.6,17.4,1009.9,56.0,2.3,6.3,106.16666666666669,9.4
24.8,32.7,18.4,1011.8,53.0,3.7,8.3,89.875,16.5
23.2,31.0,15.4,1011.7,51.0,3.1,7.2,71.95833333333333,14.8
26.7,35.8,17.6,1008.6,50.0,2.7,8.1,47.04166666666666,14.8
25.8,34.2,19.8,1009.9,49.0,3.5,6.1,67.79166666666667,13.0
24.6,33.5,13.5,1009.9,57.0,3.5,4.6,65.45833333333333,11.1
30.7,37.6,20.6,1007.2,49.0,3.5,6.7,79.0,14.8
31.1,39.2,23.2,1007.5,55.0,2.7,2.2,123.58333333333331,7.6
31.2,39.7,24.0,1006.6,40.0,2.7,5.6,97.875,14.8
27.3,37.3,19.0,1007.0,58.0,3.1,3.9,137.875,11.1
26.4,35.2,20.2,1008.6,58.0,3.1,5.6,87.875,14.8
27.2,34.2,19.2,1007.9,56.0,3.5,4.8,61.875,9.4
30.3,38.4,23.8,1004.7,55.0,4.0,5.6,97.04166666666669,11.1
24.4,37.9,20.4,1008.0,76.0,2.3,9.6,92.08333333333331,18.3
27.1,33.2,18.9,1010.9,70.0,2.7,12.8,105.75,18.3
31.8,38.8,24.6,1004.6,64.0,3.1,8.1,90.5,11.1
31.2,38.8,24.4,1005.0,65.0,2.7,10.9,55.41666666666666,14.8
27.2,37.9,22.6,1006.7,81.0,1.9,8.7,79.29166666666667,14.8
29.4,36.6,21.6,1006.2,43.0,3.2,5.4,198.875,11.1
32.2,39.2,23.7,1004.2,45.0,3.2,5.7,120.70833333333331,9.4
33.5,40.4,26.2,1004.8,48.0,2.3,6.5,117.375,11.1
30.2,37.2,26.2,1005.7,57.0,1.9,6.3,79.0,11.1
30.8,39.7,23.6,1004.7,55.0,2.7,7.0,133.70833333333334,11.1
31.8,39.7,23.6,1003.9,41.0,3.1,7.4,87.08333333333333,16.5
32.3,40.7,22.1,1000.1,33.0,2.6,3.1,65.16666666666667,11.1
32.7,40.7,22.0,999.6,29.0,3.5,7.2,83.58333333333333,11.1
33.2,41.4,24.8,998.5,31.0,4.0,7.4,86.91666666666667,14.8
36.0,44.4,27.2,999.7,34.0,3.1,9.4,48.125,22.2
37.6,45.6,28.2,998.2,30.0,3.5,10.0,103.16666666666669,18.3
37.5,46.0,28.4,996.5,26.0,4.0,9.4,119.70833333333331,13.0
25.8,34.8,20.0,1006.9,78.0,2.6,6.7,44.79166666666666,14.8
29.4,35.0,21.0,1006.3,66.0,3.1,3.0,71.95833333333333,5.4
30.9,36.4,24.8,1004.3,56.0,2.7,8.5,17.5,14.8
30.5,36.9,24.9,1002.6,63.0,2.7,4.6,87.08333333333333,9.4
29.3,36.8,23.2,1001.1,71.0,1.9,7.4,76.20833333333333,13.0
31.8,37.4,25.2,1000.4,63.0,1.9,5.2,84.33333333333333,18.3
34.3,39.6,26.9,999.9,56.0,3.2,5.4,84.20833333333333,13.0
32.6,41.5,28.8,998.5,68.0,1.9,5.9,64.45833333333333,9.4
35.0,40.0,28.0,999.0,57.0,3.1,8.1,80.54166666666667,11.1
35.7,41.2,28.6,996.8,54.0,3.7,8.3,58.083333333333336,11.1
36.6,42.5,29.8,997.8,53.0,3.2,9.4,54.66666666666666,11.1
31.1,41.2,22.4,998.8,71.0,2.7,9.8,78.54166666666667,22.2
31.9,38.1,24.6,998.5,74.0,3.2,5.9,73.0,11.1
31.8,36.4,26.8,999.1,79.0,3.2,5.2,65.875,18.3
32.9,37.0,27.2,998.1,71.0,3.7,9.4,72.41666666666667,18.3
34.8,40.0,28.2,996.6,63.0,3.1,13.9,71.29166666666667,27.8
34.2,38.0,28.8,997.9,69.0,3.2,5.2,113.33333333333331,9.4
36.0,40.0,30.0,995.7,64.0,2.6,7.0,146.20833333333334,11.1
36.2,42.0,30.4,995.9,63.0,2.7,10.7,65.375,25.9
30.9,36.2,26.4,1000.6,77.0,3.5,11.9,60.625,18.3
31.6,36.0,26.9,1000.4,79.0,2.3,9.8,71.0,18.3
33.1,38.0,27.4,996.0,68.0,3.1,7.8,57.04166666666666,11.1
32.4,37.0,26.2,997.2,64.0,3.5,8.1,134.95833333333334,11.1
33.9,38.2,27.6,998.5,69.0,2.3,7.2,81.125,14.8
32.7,38.5,28.8,999.2,73.0,1.9,8.3,197.66666666666663,14.8
29.6,36.4,23.4,998.1,85.0,1.8,7.0,160.375,13.0
28.8,35.2,24.8,997.5,81.0,2.7,5.2,99.375,7.6
26.3,32.6,23.5,1000.9,93.0,2.1,6.7,123.875,22.2
31.7,35.4,25.9,1004.8,80.0,2.6,5.2,47.375,9.4
32.7,36.0,26.8,1003.2,74.0,3.2,6.1,38.16666666666666,16.5
34.1,38.0,28.2,1000.8,69.0,3.7,10.4,42.54166666666666,18.3
31.5,34.0,27.3,1000.7,79.0,2.4,5.7,25.08333333333333,9.4
30.7,36.2,26.8,1000.3,80.0,2.1,6.9,45.833333333333336,14.8
33.0,37.0,26.2,997.5,69.0,3.4,8.5,33.708333333333336,22.2
33.5,37.0,28.4,993.0,70.0,3.5,11.1,31.875,18.3
33.1,37.5,27.6,1000.1,70.0,2.9,10.2,30.666666666666668,16.5
33.9,37.4,28.1,997.4,69.0,3.2,5.0,29.95833333333333,9.4
31.3,37.6,26.2,997.9,81.0,2.7,4.8,47.458333333333336,11.1
26.8,29.0,25.0,996.6,97.0,1.9,5.9,22.33333333333333,13.0
29.7,32.0,25.4,995.9,86.0,2.7,7.4,25.08333333333333,9.4
31.7,35.0,26.4,996.7,79.0,2.9,6.9,32.958333333333336,13.0
26.6,35.0,25.0,998.9,98.0,1.9,6.9,64.875,18.3
26.2,29.0,24.1,1001.2,97.0,2.1,5.4,47.583333333333336,11.1
30.7,35.0,24.2,1002.0,76.0,3.7,7.8,48.29166666666666,14.8
30.0,33.0,25.8,1003.1,78.0,3.2,6.3,43.04166666666666,14.8
31.3,34.0,26.5,1004.2,71.0,3.4,8.1,38.41666666666666,14.8
31.8,35.0,26.2,1002.4,67.0,3.7,8.7,29.166666666666668,13.0
29.4,33.0,25.5,1003.1,75.0,3.5,10.6,19.541666666666668,14.8
30.9,35.0,24.8,1004.6,67.0,3.9,9.8,22.83333333333333,13.0
31.3,35.0,25.3,1005.9,72.0,3.5,3.9,24.291666666666668,11.1
32.0,35.0,27.5,1006.7,72.0,2.7,8.3,25.291666666666668,18.3
29.7,35.5,25.8,1003.2,80.0,2.9,3.3,41.875,18.3
31.3,35.2,25.1,1003.5,71.0,2.9,4.1,50.583333333333336,11.1
31.5,35.4,26.1,1003.3,72.0,2.9,3.1,44.41666666666666,5.4
32.8,37.3,26.6,1003.6,67.0,2.7,2.4,57.29166666666666,11.1
32.7,37.0,27.5,1002.8,70.0,2.9,2.0,38.25,7.6
32.7,37.2,26.0,1002.6,66.0,2.9,3.9,57.208333333333336,9.4
33.3,38.0,28.0,1000.7,63.0,3.2,3.7,56.91666666666666,9.4
32.9,37.3,26.6,1000.2,64.0,3.2,4.3,54.625,9.4
32.9,37.0,26.6,999.6,66.0,2.7,3.5,42.875,9.4
32.1,37.2,25.4,1001.4,58.0,3.5,6.3,52.25,14.8
30.3,37.4,24.3,1002.7,62.0,3.2,8.5,43.333333333333336,18.3
31.1,36.0,23.2,1005.4,56.0,4.0,6.1,41.875,16.5
30.5,37.0,21.9,1004.0,53.0,3.2,8.5,0.0,16.5
29.9,36.7,20.6,1004.9,58.0,3.4,4.8,0.0,16.5
29.5,36.4,20.3,1006.3,54.0,3.5,4.8,0.0,7.6
29.3,36.4,18.6,1009.1,56.0,3.4,4.3,70.70833333333333,16.5
28.9,36.0,19.1,1008.9,58.0,2.9,4.3,51.79166666666666,9.4
28.9,35.6,19.2,1009.0,58.0,2.7,2.0,66.75,7.6
29.3,35.4,19.8,1005.6,66.0,2.3,1.3,11.583333333333334,7.6
30.0,35.4,23.7,1007.3,65.0,1.9,1.1,13.0,5.4
28.1,35.0,20.2,1007.5,54.0,2.9,1.3,7.875,7.6
25.4,34.7,16.0,1007.1,52.0,2.4,3.3,156.0,13.0
25.7,34.0,13.7,1008.4,49.0,2.9,3.0,151.79166666666666,9.4
26.6,35.0,14.3,1008.1,48.0,2.9,2.6,181.54166666666663,9.4
25.8,33.2,13.8,1011.0,60.0,2.3,0.2,119.41666666666669,3.5
24.9,33.9,15.0,1011.6,57.0,1.8,2.4,126.0,9.4
24.2,32.8,14.4,1012.1,54.0,1.8,5.0,172.66666666666666,16.5
23.3,31.4,13.0,1013.3,53.0,1.8,7.6,215.54166666666663,16.5
22.1,31.0,11.4,1013.8,52.0,1.6,8.1,239.41666666666663,16.5
19.1,30.6,10.8,1014.0,61.0,2.1,4.8,196.54166666666663,13.0
19.7,30.2,10.0,1013.8,62.0,1.9,2.6,206.75,11.1
19.4,30.9,11.8,1017.8,70.0,0.5,2.2,185.5,14.8
18.4,30.0,11.2,1018.2,74.0,0.5,0.9,282.1666666666667,3.5
18.7,29.6,10.0,1016.3,75.0,0.3,2.0,226.45833333333331,5.4
21.7,30.0,12.3,1016.7,62.0,1.9,2.2,166.875,9.4
20.7,29.7,10.7,1014.8,70.0,0.6,1.5,135.16666666666666,3.5
21.4,29.0,11.4,1014.5,66.0,1.0,6.9,133.125,11.1
17.6,25.4,9.4,1014.2,68.0,1.8,2.2,215.5,9.4
16.6,25.6,7.5,1015.4,68.0,1.8,5.0,223.375,14.8
15.6,25.4,8.5,1016.0,68.0,1.9,4.6,187.54166666666663,11.1
17.5,25.3,10.4,1016.7,78.0,0.5,3.3,152.04166666666666,5.4
18.6,25.0,10.4,1019.2,72.0,1.6,4.8,141.41666666666666,9.4
18.4,26.8,10.2,1020.5,69.0,2.1,5.9,248.625,14.8
17.1,26.8,8.1,1017.4,74.0,1.0,1.3,91.75,7.6
16.7,27.2,8.2,1014.8,77.0,1.4,3.1,99.91666666666669,9.4
16.7,27.0,8.2,1014.4,78.0,1.0,2.6,113.375,7.6
18.3,28.2,12.0,1016.9,84.0,0.5,3.1,110.875,9.4
17.7,27.2,9.5,1016.9,78.0,1.0,0.9,200.33333333333331,3.5
18.2,28.6,9.6,1014.7,74.0,1.4,1.1,161.79166666666666,9.4
14.4,21.8,10.0,1015.8,83.0,1.3,5.0,25.08333333333333,11.1
10.6,20.6,8.0,1018.3,87.0,1.3,2.6,57.083333333333336,7.6
10.9,19.4,4.1,1020.0,85.0,1.1,4.4,152.83333333333334,9.4
14.1,22.0,3.9,1019.4,59.0,1.8,8.7,188.04166666666663,16.5
12.9,21.8,3.4,1019.5,70.0,1.3,5.4,310.25,14.8
13.9,23.2,5.5,1017.2,69.0,1.0,4.1,375.7916666666667,13.0
13.0,23.1,4.6,1017.0,74.0,1.1,3.5,223.25,9.4
13.3,22.4,4.4,1016.5,72.0,1.1,5.2,248.95833333333331,9.4
15.0,21.9,6.0,1013.5,68.0,1.0,5.4,441.4166666666667,11.1
10.7,17.0,3.3,1018.7,82.0,0.5,4.8,9.4,nan
